id,source_agency,source_record_id,normalized_record_type,raw_entity,normalized_entity,channel_platform,search_token,threat_classification,risk_score,target_label,date_or_period,amount_in_crore,description,label_basis,recommended_action
NSE-817,NSE,817,FLAGGED_MALICIOUS_ENTITY,t.me/SmartTradeSoftware,t.me/SmartTradeSoftware,Telegram,smarttradesoftware,Deceptive_Telegram_Trading_Channel,100,1.0,2025-12 source list,0,,NSE consolidated list based on complaint received from clients,IMMEDIATE_BLOCK_AND_INTERCEPT
NSE-816,NSE,816,FLAGGED_MALICIOUS_ENTITY,https://t.me/+49JIiijh4kNhMDRl,t.me/+49JIiijh4kNhMDRl,Telegram,+49jiiijh4knhmdrl,Deceptive_Telegram_Trading_Channel,100,1.0,2025-12 source list,0,,NSE consolidated list based on complaint received from clients,IMMEDIATE_BLOCK_AND_INTERCEPT
NSE-815,NSE,815,FLAGGED_MALICIOUS_ENTITY,https://www.youtube.com/@TheNextGenTrading,www.youtube.com/@TheNextGenTrading,YouTube,youtube.com,Unregistered_Advisory_YouTube,100,1.0,2025-12 source list,0,,NSE consolidated list based on complaint received from clients,IMMEDIATE_BLOCK_AND_INTERCEPT
NSE-814,NSE,814,FLAGGED_MALICIOUS_ENTITY,https://www.youtube.com/@DailySureProfit,www.youtube.com/@DailySureProfit,YouTube,youtube.com,Unregistered_Advisory_YouTube,100,1.0,2025-12 source list,0,,NSE consolidated list based on complaint received from clients,IMMEDIATE_BLOCK_AND_INTERCEPT
NSE-813,NSE,813,FLAGGED_MALICIOUS_ENTITY,https://www.youtube.com/@bankn_iftyexpert,www.youtube.com/@bankn_iftyexpert,YouTube,youtube.com,Unregistered_Advisory_YouTube,100,1.0,2025-12 source list,0,,NSE consolidated list based on complaint received from clients,IMMEDIATE_BLOCK_AND_INTERCEPT
NSE-812,NSE,812,FLAGGED_MALICIOUS_ENTITY,https://lkjhgfdsadad.com,lkjhgfdsadad.com,Website,lkjhgfdsadad.com,Phishing_Clone_Website,100,1.0,2025-12 source list,0,,NSE consolidated list based on complaint received from clients,IMMEDIATE_BLOCK_AND_INTERCEPT
NSE-811,NSE,811,FLAGGED_MALICIOUS_ENTITY,http://m.amansacaptial.co/,m.amansacaptial.co,Website,m.amansacaptial.co,Phishing_Clone_Website,100,1.0,2025-12 source list,0,,NSE consolidated list based on complaint received from clients,IMMEDIATE_BLOCK_AND_INTERCEPT
NSE-810,NSE,810,FLAGGED_MALICIOUS_ENTITY,Etrade,Etrade,Mobile_App,etrade,Fake_Stock_Broker_Clone_App,100,1.0,2025-12 source list,0,,NSE consolidated list based on complaint received from clients,IMMEDIATE_BLOCK_AND_INTERCEPT
NSE-809,NSE,809,FLAGGED_MALICIOUS_ENTITY,Varanium Trading App,Varanium Trading App,Mobile_App,varanium trading app,Fake_Stock_Broker_Clone_App,100,1.0,2025-12 source list,0,,NSE consolidated list based on complaint received from clients,IMMEDIATE_BLOCK_AND_INTERCEPT
NSE-808,NSE,808,FLAGGED_MALICIOUS_ENTITY,CRTrade,CRTrade,Mobile_App,crtrade,Fake_Stock_Broker_Clone_App,100,1.0,2025-12 source list,0,,NSE consolidated list based on complaint received from clients,IMMEDIATE_BLOCK_AND_INTERCEPT
NSE-807,NSE,807,FLAGGED_MALICIOUS_ENTITY,client.nakasolutions.com/v2/dashboard,client.nakasolutions.com/v2/dashboard,Website,client.nakasolutions.com,Phishing_Clone_Website,100,1.0,2025-12 source list,0,,NSE consolidated list based on complaint received from clients,IMMEDIATE_BLOCK_AND_INTERCEPT
NSE-806,NSE,806,FLAGGED_MALICIOUS_ENTITY,trade.nakasolutions.com/en/profile#,trade.nakasolutions.com/en/profile#,Website,trade.nakasolutions.com,Phishing_Clone_Website,100,1.0,2025-12 source list,0,,NSE consolidated list based on complaint received from clients,IMMEDIATE_BLOCK_AND_INTERCEPT
NSE-805,NSE,805,FLAGGED_MALICIOUS_ENTITY,https://pmjx.pladadgoogle.org/install.html,pmjx.pladadgoogle.org/install.html,Mobile_App,pmjx.pladadgoogle.org,Fake_Stock_Broker_Clone_App,100,1.0,2025-12 source list,0,,NSE consolidated list based on complaint received from clients,IMMEDIATE_BLOCK_AND_INTERCEPT
NSE-804,NSE,804,FLAGGED_MALICIOUS_ENTITY,https://www.mofslmaxs.com/,www.mofslmaxs.com,Website,mofslmaxs.com,Phishing_Clone_Website,100,1.0,2025-12 source list,0,,NSE consolidated list based on complaint received from clients,IMMEDIATE_BLOCK_AND_INTERCEPT
NSE-803,NSE,803,FLAGGED_MALICIOUS_ENTITY,Fivepreac,Fivepreac,Mobile_App,fivepreac,Fake_Stock_Broker_Clone_App,100,1.0,2025-12 source list,0,,NSE consolidated list based on complaint received from clients,IMMEDIATE_BLOCK_AND_INTERCEPT
NSE-802,NSE,802,FLAGGED_MALICIOUS_ENTITY,https://www.youtube.com/@profittrading999,www.youtube.com/@profittrading999,YouTube,youtube.com,Unregistered_Advisory_YouTube,100,1.0,2025-12 source list,0,,NSE consolidated list based on complaint received from clients,IMMEDIATE_BLOCK_AND_INTERCEPT
NSE-801,NSE,801,FLAGGED_MALICIOUS_ENTITY,https://t.me/traderoomofficial2025,t.me/traderoomofficial2025,Telegram,traderoomofficial2025,Deceptive_Telegram_Trading_Channel,100,1.0,2025-12 source list,0,,NSE consolidated list based on complaint received from clients,IMMEDIATE_BLOCK_AND_INTERCEPT
NSE-800,NSE,800,FLAGGED_MALICIOUS_ENTITY,https://www.youtube.com/@TRADEROOMOFFICIAL-m2l6w,www.youtube.com/@TRADEROOMOFFICIAL-m2l6w,YouTube,youtube.com,Unregistered_Advisory_YouTube,100,1.0,2025-12 source list,0,,NSE consolidated list based on complaint received from clients,IMMEDIATE_BLOCK_AND_INTERCEPT
NSE-799,NSE,799,FLAGGED_MALICIOUS_ENTITY,https://profitmaximizers.site/,profitmaximizers.site,Website,profitmaximizers.site,Phishing_Clone_Website,100,1.0,2025-12 source list,0,,NSE consolidated list based on complaint received from clients,IMMEDIATE_BLOCK_AND_INTERCEPT
NSE-798,NSE,798,FLAGGED_MALICIOUS_ENTITY,https://t.me/Profitmaximizeer,t.me/Profitmaximizeer,Telegram,profitmaximizeer,Deceptive_Telegram_Trading_Channel,100,1.0,2025-12 source list,0,,NSE consolidated list based on complaint received from clients,IMMEDIATE_BLOCK_AND_INTERCEPT
NSE-797,NSE,797,FLAGGED_MALICIOUS_ENTITY,https://www.youtube.com/@ProfitMaximizers,www.youtube.com/@ProfitMaximizers,YouTube,youtube.com,Unregistered_Advisory_YouTube,100,1.0,2025-12 source list,0,,NSE consolidated list based on complaint received from clients,IMMEDIATE_BLOCK_AND_INTERCEPT
NSE-796,NSE,796,FLAGGED_MALICIOUS_ENTITY,Trademind,Trademind,Mobile_App,trademind,Fake_Stock_Broker_Clone_App,100,1.0,2025-12 source list,0,,NSE consolidated list based on complaint received from clients,IMMEDIATE_BLOCK_AND_INTERCEPT
NSE-795,NSE,795,FLAGGED_MALICIOUS_ENTITY,https://www.facebook.com/profile.php?id=61579676091850,www.facebook.com/profile.php?id=61579676091850,Facebook,facebook.com,Social_Media_Trading_Impersonator,100,1.0,2025-12 source list,0,,NSE consolidated list based on complaint received from clients,IMMEDIATE_BLOCK_AND_INTERCEPT
NSE-794,NSE,794,FLAGGED_MALICIOUS_ENTITY,FinAAult,FinAAult,Mobile_App,finaault,Fake_Stock_Broker_Clone_App,100,1.0,2025-12 source list,0,,NSE consolidated list based on complaint received from clients,IMMEDIATE_BLOCK_AND_INTERCEPT
NSE-793,NSE,793,FLAGGED_MALICIOUS_ENTITY,https://play.google.com/store/apps/details?id=com.ogt.nomuinsec&referrer=google_play,play.google.com/store/apps/details?id=com.ogt.nomuinsec&referrer=google_play,Mobile_App,play.google.com,Fake_Stock_Broker_Clone_App,100,1.0,2025-12 source list,0,,NSE consolidated list based on complaint received from clients,IMMEDIATE_BLOCK_AND_INTERCEPT
NSE-792,NSE,792,FLAGGED_MALICIOUS_ENTITY,https://h5.nominmax.cc/,h5.nominmax.cc,Mobile_App,h5.nominmax.cc,Fake_Stock_Broker_Clone_App,100,1.0,2025-12 source list,0,,NSE consolidated list based on complaint received from clients,IMMEDIATE_BLOCK_AND_INTERCEPT
NSE-791,NSE,791,FLAGGED_MALICIOUS_ENTITY,nomuinsec,nomuinsec,Mobile_App,nomuinsec,Fake_Stock_Broker_Clone_App,100,1.0,2025-12 source list,0,,NSE consolidated list based on complaint received from clients,IMMEDIATE_BLOCK_AND_INTERCEPT
NSE-790,NSE,790,FLAGGED_MALICIOUS_ENTITY,nomurux,nomurux,Mobile_App,nomurux,Fake_Stock_Broker_Clone_App,100,1.0,2025-12 source list,0,,NSE consolidated list based on complaint received from clients,IMMEDIATE_BLOCK_AND_INTERCEPT
NSE-789,NSE,789,FLAGGED_MALICIOUS_ENTITY,nompormax,nompormax,Mobile_App,nompormax,Fake_Stock_Broker_Clone_App,100,1.0,2025-12 source list,0,,NSE consolidated list based on complaint received from clients,IMMEDIATE_BLOCK_AND_INTERCEPT
NSE-788,NSE,788,FLAGGED_MALICIOUS_ENTITY,https://play.google.com/store/apps/details?id=com.modmaid.modma&pli=1,play.google.com/store/apps/details?id=com.modmaid.modma&pli=1,Mobile_App,play.google.com,Fake_Stock_Broker_Clone_App,100,1.0,2025-12 source list,0,,NSE consolidated list based on complaint received from clients,IMMEDIATE_BLOCK_AND_INTERCEPT
NSE-787,NSE,787,FLAGGED_MALICIOUS_ENTITY,Motilal Oswal QIB,Motilal Oswal QIB,Mobile_App,motilal oswal qib,Fake_Stock_Broker_Clone_App,100,1.0,2025-12 source list,0,,NSE consolidated list based on complaint received from clients,IMMEDIATE_BLOCK_AND_INTERCEPT
NSE-786,NSE,786,FLAGGED_MALICIOUS_ENTITY,MODMA,MODMA,Mobile_App,modma,Fake_Stock_Broker_Clone_App,100,1.0,2025-12 source list,0,,NSE consolidated list based on complaint received from clients,IMMEDIATE_BLOCK_AND_INTERCEPT
NSE-785,NSE,785,FLAGGED_MALICIOUS_ENTITY,@xxaa25691bot,@xxaa25691bot,Telegram,@xxaa25691bot,Deceptive_Telegram_Trading_Channel,100,1.0,2025-12 source list,0,,NSE consolidated list based on complaint received from clients,IMMEDIATE_BLOCK_AND_INTERCEPT
NSE-784,NSE,784,FLAGGED_MALICIOUS_ENTITY,[Google-VIP_GDRT87],[Google-VIP_GDRT87],Telegram,[google-vip_gdrt87],Deceptive_Telegram_Trading_Channel,100,1.0,2025-12 source list,0,,NSE consolidated list based on complaint received from clients,IMMEDIATE_BLOCK_AND_INTERCEPT
NSE-783,NSE,783,FLAGGED_MALICIOUS_ENTITY,https://superprofile.bio/ps/68122bcc4f654b0013062e15,superprofile.bio/ps/68122bcc4f654b0013062e15,VIP_Payment_Gate,superprofile.bio,Unlicensed_VIP_Payment_Page,100,1.0,2025-12 source list,0,,NSE consolidated list based on complaint received from clients,IMMEDIATE_BLOCK_AND_INTERCEPT
NSE-782,NSE,782,FLAGGED_MALICIOUS_ENTITY,https://superprofile.bio/ps/68122be24d83600013cfb214,superprofile.bio/ps/68122be24d83600013cfb214,VIP_Payment_Gate,superprofile.bio,Unlicensed_VIP_Payment_Page,100,1.0,2025-12 source list,0,,NSE consolidated list based on complaint received from clients,IMMEDIATE_BLOCK_AND_INTERCEPT
NSE-781,NSE,781,FLAGGED_MALICIOUS_ENTITY,https://t.me/index_learning_earning,t.me/index_learning_earning,Telegram,index_learning_earning,Deceptive_Telegram_Trading_Channel,100,1.0,2025-12 source list,0,,NSE consolidated list based on complaint received from clients,IMMEDIATE_BLOCK_AND_INTERCEPT
NSE-780,NSE,780,FLAGGED_MALICIOUS_ENTITY,https://superprofile.bio/store/indexlearn/transactions,superprofile.bio/store/indexlearn/transactions,VIP_Payment_Gate,superprofile.bio,Unlicensed_VIP_Payment_Page,100,1.0,2025-12 source list,0,,NSE consolidated list based on complaint received from clients,IMMEDIATE_BLOCK_AND_INTERCEPT
NSE-779,NSE,779,FLAGGED_MALICIOUS_ENTITY,https://superprofile.bio/vp/67ceb5322cfd45001386e1cb,superprofile.bio/vp/67ceb5322cfd45001386e1cb,VIP_Payment_Gate,superprofile.bio,Unlicensed_VIP_Payment_Page,100,1.0,2025-12 source list,0,,NSE consolidated list based on complaint received from clients,IMMEDIATE_BLOCK_AND_INTERCEPT
NSE-778,NSE,778,FLAGGED_MALICIOUS_ENTITY,https://superprofile.bio/vp/67c6b89316fdb800138aacc6,superprofile.bio/vp/67c6b89316fdb800138aacc6,VIP_Payment_Gate,superprofile.bio,Unlicensed_VIP_Payment_Page,100,1.0,2025-12 source list,0,,NSE consolidated list based on complaint received from clients,IMMEDIATE_BLOCK_AND_INTERCEPT
NSE-777,NSE,777,FLAGGED_MALICIOUS_ENTITY,https://in.insamco.cc/pages/market/index,in.insamco.cc/pages/market/index,Website,in.insamco.cc,Phishing_Clone_Website,100,1.0,2025-12 source list,0,,NSE consolidated list based on complaint received from clients,IMMEDIATE_BLOCK_AND_INTERCEPT
NSE-776,NSE,776,FLAGGED_MALICIOUS_ENTITY,https://god.mall2024tn.com/#/pages/quotes/index,god.mall2024tn.com/#/pages/quotes/index,Website,god.mall2024tn.com,Phishing_Clone_Website,100,1.0,2025-12 source list,0,,NSE consolidated list based on complaint received from clients,IMMEDIATE_BLOCK_AND_INTERCEPT
NSE-775,NSE,775,FLAGGED_MALICIOUS_ENTITY,https://new1-stock-india-cdn.obs.ap-southeast-3.myhuaweicloud.com/app/MODMA.apk,new1-stock-india-cdn.obs.ap-southeast-3.myhuaweicloud.com/app/MODMA.apk,Android_APK,new1-stock-india-cdn.obs.ap-southeast-3.myhuaweicloud.com,Malicious_APK_Download,100,1.0,2025-12 source list,0,,NSE consolidated list based on complaint received from clients,IMMEDIATE_BLOCK_AND_INTERCEPT
NSE-773,NSE,773,FLAGGED_MALICIOUS_ENTITY,PREMJIEX,PREMJIEX,Mobile_App,premjiex,Fake_Stock_Broker_Clone_App,100,1.0,2025-12 source list,0,,NSE consolidated list based on complaint received from clients,IMMEDIATE_BLOCK_AND_INTERCEPT
NSE-772,NSE,772,FLAGGED_MALICIOUS_ENTITY,PREMJI INVESTMENT,PREMJI INVESTMENT,Mobile_App,premji investment,Fake_Stock_Broker_Clone_App,100,1.0,2025-12 source list,0,,NSE consolidated list based on complaint received from clients,IMMEDIATE_BLOCK_AND_INTERCEPT
NSE-771,NSE,771,FLAGGED_MALICIOUS_ENTITY,https://stocks.nuwama-pro.com/#/orderlist,stocks.nuwama-pro.com/#/orderlist,Website,stocks.nuwama-pro.com,Phishing_Clone_Website,100,1.0,2025-12 source list,0,,NSE consolidated list based on complaint received from clients,IMMEDIATE_BLOCK_AND_INTERCEPT
NSE-770,NSE,770,FLAGGED_MALICIOUS_ENTITY,https://mstock.premieron.com/login,mstock.premieron.com/login,Website,mstock.premieron.com,Phishing_Clone_Website,100,1.0,2025-12 source list,0,,NSE consolidated list based on complaint received from clients,IMMEDIATE_BLOCK_AND_INTERCEPT
NSE-769,NSE,769,FLAGGED_MALICIOUS_ENTITY,https://federetodhaemesx.com,federetodhaemesx.com,X_Twitter,federetodhaemesx.com,Unlicensed_Signal_Provider,100,1.0,2025-12 source list,0,,NSE consolidated list based on complaint received from clients,IMMEDIATE_BLOCK_AND_INTERCEPT
NSE-768,NSE,768,FLAGGED_MALICIOUS_ENTITY,Stock Research 360,Stock Research 360,Telegram,stock research 360,Deceptive_Telegram_Trading_Channel,100,1.0,2025-12 source list,0,,NSE consolidated list based on complaint received from clients,IMMEDIATE_BLOCK_AND_INTERCEPT
NSE-767,NSE,767,FLAGGED_MALICIOUS_ENTITY,https://www.alice-app2.com/,www.alice-app2.com,Website,alice-app2.com,Phishing_Clone_Website,100,1.0,2025-12 source list,0,,NSE consolidated list based on complaint received from clients,IMMEDIATE_BLOCK_AND_INTERCEPT
NSE-766,NSE,766,FLAGGED_MALICIOUS_ENTITY,trade.finbridgecapitals.org/en,trade.finbridgecapitals.org/en,Website,trade.finbridgecapitals.org,Phishing_Clone_Website,100,1.0,2025-12 source list,0,,NSE consolidated list based on complaint received from clients,IMMEDIATE_BLOCK_AND_INTERCEPT
NSE-765,NSE,765,FLAGGED_MALICIOUS_ENTITY,https://centrumhnidownload.com/down/S4CuF1ane,centrumhnidownload.com/down/S4CuF1ane,Website,centrumhnidownload.com,Phishing_Clone_Website,100,1.0,2025-12 source list,0,,NSE consolidated list based on complaint received from clients,IMMEDIATE_BLOCK_AND_INTERCEPT
NSE-764,NSE,764,FLAGGED_MALICIOUS_ENTITY,NUHNW,NUHNW,Mobile_App,nuhnw,Fake_Stock_Broker_Clone_App,100,1.0,2025-12 source list,0,,NSE consolidated list based on complaint received from clients,IMMEDIATE_BLOCK_AND_INTERCEPT
NSE-763,NSE,763,FLAGGED_MALICIOUS_ENTITY,https://www.paytm-qib.com/,www.paytm-qib.com,Website,paytm-qib.com,Phishing_Clone_Website,100,1.0,2025-12 source list,0,,NSE consolidated list based on complaint received from clients,IMMEDIATE_BLOCK_AND_INTERCEPT
NSE-762,NSE,762,FLAGGED_MALICIOUS_ENTITY,crmf@canararobeco.vip,crmf@canararobeco.vip,Website,crmf@canararobeco.vip,Phishing_Clone_Website,100,1.0,2025-12 source list,0,,NSE consolidated list based on complaint received from clients,IMMEDIATE_BLOCK_AND_INTERCEPT
NSE-761,NSE,761,FLAGGED_MALICIOUS_ENTITY,https://www.crmf-pms.cc/dashboard,www.crmf-pms.cc/dashboard,Website,crmf-pms.cc,Phishing_Clone_Website,100,1.0,2025-12 source list,0,,NSE consolidated list based on complaint received from clients,IMMEDIATE_BLOCK_AND_INTERCEPT
NSE-760,NSE,760,FLAGGED_MALICIOUS_ENTITY,Samco Capital India,Samco Capital India,Mobile_App,samco capital india,Fake_Stock_Broker_Clone_App,100,1.0,2025-12 source list,0,,NSE consolidated list based on complaint received from clients,IMMEDIATE_BLOCK_AND_INTERCEPT
NSE-759,NSE,759,FLAGGED_MALICIOUS_ENTITY,nakamichi.soluation.in,nakamichi.soluation.in,Website,nakamichi.soluation.in,Phishing_Clone_Website,100,1.0,2025-12 source list,0,,NSE consolidated list based on complaint received from clients,IMMEDIATE_BLOCK_AND_INTERCEPT
NSE-758,NSE,758,FLAGGED_MALICIOUS_ENTITY,IFEXCAPITAL,IFEXCAPITAL,Mobile_App,ifexcapital,Fake_Stock_Broker_Clone_App,100,1.0,2025-12 source list,0,,NSE consolidated list based on complaint received from clients,IMMEDIATE_BLOCK_AND_INTERCEPT
NSE-757,NSE,757,FLAGGED_MALICIOUS_ENTITY,https://new1-stock-india-cdn.obs.ap-southeast-3.myhuaweicloud.com/app/MODMA.apk,new1-stock-india-cdn.obs.ap-southeast-3.myhuaweicloud.com/app/MODMA.apk,Android_APK,new1-stock-india-cdn.obs.ap-southeast-3.myhuaweicloud.com,Malicious_APK_Download,100,1.0,2025-12 source list,0,,NSE consolidated list based on complaint received from clients,IMMEDIATE_BLOCK_AND_INTERCEPT
NSE-756,NSE,756,FLAGGED_MALICIOUS_ENTITY,https://play.google.com/store/apps/details?id=com.modmaid.modma,play.google.com/store/apps/details?id=com.modmaid.modma,Mobile_App,play.google.com,Fake_Stock_Broker_Clone_App,100,1.0,2025-12 source list,0,,NSE consolidated list based on complaint received from clients,IMMEDIATE_BLOCK_AND_INTERCEPT
NSE-755,NSE,755,FLAGGED_MALICIOUS_ENTITY,https://play.google.com/store/apps/details?id=com.lwa.nomurux&referrer=google_play,play.google.com/store/apps/details?id=com.lwa.nomurux&referrer=google_play,Mobile_App,play.google.com,Fake_Stock_Broker_Clone_App,100,1.0,2025-12 source list,0,,NSE consolidated list based on complaint received from clients,IMMEDIATE_BLOCK_AND_INTERCEPT
NSE-754,NSE,754,FLAGGED_MALICIOUS_ENTITY,Bharat Vaultix,Bharat Vaultix,Mobile_App,bharat vaultix,Fake_Stock_Broker_Clone_App,100,1.0,2025-12 source list,0,,NSE consolidated list based on complaint received from clients,IMMEDIATE_BLOCK_AND_INTERCEPT
NSE-753,NSE,753,FLAGGED_MALICIOUS_ENTITY,Pureinsightspace,Pureinsightspace,YouTube,pureinsightspace,Unregistered_Advisory_YouTube,100,1.0,2025-12 source list,0,,NSE consolidated list based on complaint received from clients,IMMEDIATE_BLOCK_AND_INTERCEPT
NSE-752,NSE,752,FLAGGED_MALICIOUS_ENTITY,https://tradefuture.live/login,tradefuture.live/login,Website,tradefuture.live,Phishing_Clone_Website,100,1.0,2025-12 source list,0,,NSE consolidated list based on complaint received from clients,IMMEDIATE_BLOCK_AND_INTERCEPT
NSE-751,NSE,751,FLAGGED_MALICIOUS_ENTITY,https://bit.ly/4kLs9sp,bit.ly/4kLs9sp,Website,bit.ly,Phishing_Clone_Website,100,1.0,2025-12 source list,0,,NSE consolidated list based on complaint received from clients,IMMEDIATE_BLOCK_AND_INTERCEPT
NSE-750,NSE,750,FLAGGED_MALICIOUS_ENTITY,https://whatsapp.com/channel/0029VbAk050IHphNMTN1Fk33,whatsapp.com/channel/0029VbAk050IHphNMTN1Fk33,WhatsApp,whatsapp.com,Private_Pump_and_Dump_Group,100,1.0,2025-12 source list,0,,NSE consolidated list based on complaint received from clients,IMMEDIATE_BLOCK_AND_INTERCEPT
NSE-749,NSE,749,FLAGGED_MALICIOUS_ENTITY,Tradefuture01,Tradefuture01,Telegram,tradefuture01,Deceptive_Telegram_Trading_Channel,100,1.0,2025-12 source list,0,,NSE consolidated list based on complaint received from clients,IMMEDIATE_BLOCK_AND_INTERCEPT
NSE-748,NSE,748,FLAGGED_MALICIOUS_ENTITY,https://www.youtube.com/@anurag_trads,www.youtube.com/@anurag_trads,YouTube,youtube.com,Unregistered_Advisory_YouTube,100,1.0,2025-12 source list,0,,NSE consolidated list based on complaint received from clients,IMMEDIATE_BLOCK_AND_INTERCEPT
NSE-747,NSE,747,FLAGGED_MALICIOUS_ENTITY,m.intraday8.com/login,m.intraday8.com/login,Website,m.intraday8.com,Phishing_Clone_Website,100,1.0,2025-12 source list,0,,NSE consolidated list based on complaint received from clients,IMMEDIATE_BLOCK_AND_INTERCEPT
NSE-746,NSE,746,FLAGGED_MALICIOUS_ENTITY,https://play.google.com/store/apps/details?id=com.intraday.sharesbazzar,play.google.com/store/apps/details?id=com.intraday.sharesbazzar,Mobile_App,play.google.com,Fake_Stock_Broker_Clone_App,100,1.0,2025-12 source list,0,,NSE consolidated list based on complaint received from clients,IMMEDIATE_BLOCK_AND_INTERCEPT
NSE-745,NSE,745,FLAGGED_MALICIOUS_ENTITY,intraday8official,intraday8official,Instagram,intraday8official,Social_Media_Trading_Impersonator,100,1.0,2025-12 source list,0,,NSE consolidated list based on complaint received from clients,IMMEDIATE_BLOCK_AND_INTERCEPT
NSE-744,NSE,744,FLAGGED_MALICIOUS_ENTITY,Intraday8,Intraday8,Facebook,intraday8,Social_Media_Trading_Impersonator,100,1.0,2025-12 source list,0,,NSE consolidated list based on complaint received from clients,IMMEDIATE_BLOCK_AND_INTERCEPT
NSE-743,NSE,743,FLAGGED_MALICIOUS_ENTITY,https://www.facebook.com/profile.php?id=61579644183179,www.facebook.com/profile.php?id=61579644183179,Facebook,facebook.com,Social_Media_Trading_Impersonator,100,1.0,2025-12 source list,0,,NSE consolidated list based on complaint received from clients,IMMEDIATE_BLOCK_AND_INTERCEPT
NSE-742,NSE,742,FLAGGED_MALICIOUS_ENTITY,https://www.facebook.com/Intraday8,www.facebook.com/Intraday8,Facebook,facebook.com,Social_Media_Trading_Impersonator,100,1.0,2025-12 source list,0,,NSE consolidated list based on complaint received from clients,IMMEDIATE_BLOCK_AND_INTERCEPT
NSE-741,NSE,741,FLAGGED_MALICIOUS_ENTITY,https://www.facebook.com/share/g/18cUXxD2eX/,www.facebook.com/share/g/18cUXxD2eX,Facebook,facebook.com,Social_Media_Trading_Impersonator,100,1.0,2025-12 source list,0,,NSE consolidated list based on complaint received from clients,IMMEDIATE_BLOCK_AND_INTERCEPT
NSE-740,NSE,740,FLAGGED_MALICIOUS_ENTITY,www.youtube.com/@b.udayakumarb.udayakumar2603,www.youtube.com/@b.udayakumarb.udayakumar2603,YouTube,youtube.com,Unregistered_Advisory_YouTube,100,1.0,2025-12 source list,0,,NSE consolidated list based on complaint received from clients,IMMEDIATE_BLOCK_AND_INTERCEPT
NSE-739,NSE,739,FLAGGED_MALICIOUS_ENTITY,https://t.me/+X_TS7VotUM9mMTJl,t.me/+X_TS7VotUM9mMTJl,Telegram,+x_ts7votum9mmtjl,Deceptive_Telegram_Trading_Channel,100,1.0,2025-12 source list,0,,NSE consolidated list based on complaint received from clients,IMMEDIATE_BLOCK_AND_INTERCEPT
NSE-738,NSE,738,FLAGGED_MALICIOUS_ENTITY,https://x.com/Udayaku08151754?t=gWIgHqCLdFzRmOk-FzEQVw&s=09,x.com/Udayaku08151754?t=gWIgHqCLdFzRmOk-FzEQVw&s=09,X_Twitter,x.com,Unlicensed_Signal_Provider,100,1.0,2025-12 source list,0,,NSE consolidated list based on complaint received from clients,IMMEDIATE_BLOCK_AND_INTERCEPT
NSE-737,NSE,737,FLAGGED_MALICIOUS_ENTITY,https://www.instagram.com/udayakumar8367/,www.instagram.com/udayakumar8367,Instagram,instagram.com,Social_Media_Trading_Impersonator,100,1.0,2025-12 source list,0,,NSE consolidated list based on complaint received from clients,IMMEDIATE_BLOCK_AND_INTERCEPT
NSE-736,NSE,736,FLAGGED_MALICIOUS_ENTITY,https://nicetrader.life/trade,nicetrader.life/trade,Website,nicetrader.life,Phishing_Clone_Website,100,1.0,2025-12 source list,0,,NSE consolidated list based on complaint received from clients,IMMEDIATE_BLOCK_AND_INTERCEPT
NSE-735,NSE,735,FLAGGED_MALICIOUS_ENTITY,https://www.finatraders.com/FinaTrader.apk,www.finatraders.com/FinaTrader.apk,Android_APK,finatraders.com,Malicious_APK_Download,100,1.0,2025-12 source list,0,,NSE consolidated list based on complaint received from clients,IMMEDIATE_BLOCK_AND_INTERCEPT
NSE-734,NSE,734,FLAGGED_MALICIOUS_ENTITY,https://www.fina-traders.com,www.fina-traders.com,Website,fina-traders.com,Phishing_Clone_Website,100,1.0,2025-12 source list,0,,NSE consolidated list based on complaint received from clients,IMMEDIATE_BLOCK_AND_INTERCEPT
NSE-733,NSE,733,FLAGGED_MALICIOUS_ENTITY,The Roamer Brijesh,The Roamer Brijesh,YouTube,the roamer brijesh,Unregistered_Advisory_YouTube,100,1.0,2025-12 source list,0,,NSE consolidated list based on complaint received from clients,IMMEDIATE_BLOCK_AND_INTERCEPT
NSE-732,NSE,732,FLAGGED_MALICIOUS_ENTITY,https://www.youtube.com/@the_Roamer_brijesh,www.youtube.com/@the_Roamer_brijesh,YouTube,youtube.com,Unregistered_Advisory_YouTube,100,1.0,2025-12 source list,0,,NSE consolidated list based on complaint received from clients,IMMEDIATE_BLOCK_AND_INTERCEPT
NSE-731,NSE,731,FLAGGED_MALICIOUS_ENTITY,1356bnstraderi,1356bnstraderi,Instagram,1356bnstraderi,Social_Media_Trading_Impersonator,100,1.0,2025-12 source list,0,,NSE consolidated list based on complaint received from clients,IMMEDIATE_BLOCK_AND_INTERCEPT
NSE-730,NSE,730,FLAGGED_MALICIOUS_ENTITY,https://www.youtube.com/@Tradekaro.official,www.youtube.com/@Tradekaro.official,YouTube,youtube.com,Unregistered_Advisory_YouTube,100,1.0,2025-12 source list,0,,NSE consolidated list based on complaint received from clients,IMMEDIATE_BLOCK_AND_INTERCEPT
NSE-729,NSE,729,FLAGGED_MALICIOUS_ENTITY,https://www.instagram.com/tradekaro.official,www.instagram.com/tradekaro.official,Instagram,instagram.com,Social_Media_Trading_Impersonator,100,1.0,2025-12 source list,0,,NSE consolidated list based on complaint received from clients,IMMEDIATE_BLOCK_AND_INTERCEPT
NSE-728,NSE,728,FLAGGED_MALICIOUS_ENTITY,https://web.theplatformapi.com/,web.theplatformapi.com,Website,web.theplatformapi.com,Phishing_Clone_Website,100,1.0,2025-12 source list,0,,NSE consolidated list based on complaint received from clients,IMMEDIATE_BLOCK_AND_INTERCEPT
NSE-727,NSE,727,FLAGGED_MALICIOUS_ENTITY,https://tradekaropay.com,tradekaropay.com,Website,tradekaropay.com,Phishing_Clone_Website,100,1.0,2025-12 source list,0,,NSE consolidated list based on complaint received from clients,IMMEDIATE_BLOCK_AND_INTERCEPT
NSE-726,NSE,726,FLAGGED_MALICIOUS_ENTITY,https://play.google.com/store/apps/details?id=com.tradekaro.tradekaro&hl=en,play.google.com/store/apps/details?id=com.tradekaro.tradekaro&hl=en,Mobile_App,play.google.com,Fake_Stock_Broker_Clone_App,100,1.0,2025-12 source list,0,,NSE consolidated list based on complaint received from clients,IMMEDIATE_BLOCK_AND_INTERCEPT
NSE-725,NSE,725,FLAGGED_MALICIOUS_ENTITY,https://apps.apple.com/ae/app/trade-karo/id6736365574,apps.apple.com/ae/app/trade-karo/id6736365574,Mobile_App,apps.apple.com,Fake_Stock_Broker_Clone_App,100,1.0,2025-12 source list,0,,NSE consolidated list based on complaint received from clients,IMMEDIATE_BLOCK_AND_INTERCEPT
NSE-724,NSE,724,FLAGGED_MALICIOUS_ENTITY,https://theplatformapi.com/setup/tradekaro.exe,theplatformapi.com/setup/tradekaro.exe,Website,theplatformapi.com,Phishing_Clone_Website,100,1.0,2025-12 source list,0,,NSE consolidated list based on complaint received from clients,IMMEDIATE_BLOCK_AND_INTERCEPT
NSE-723,NSE,723,FLAGGED_MALICIOUS_ENTITY,http://tradeontime.club/trade/,tradeontime.club/trade,Website,tradeontime.club,Phishing_Clone_Website,100,1.0,2025-12 source list,0,,NSE consolidated list based on complaint received from clients,IMMEDIATE_BLOCK_AND_INTERCEPT
NSE-722,NSE,722,FLAGGED_MALICIOUS_ENTITY,https://tradeontime.club/tradeontime.club.apk,tradeontime.club/tradeontime.club.apk,Android_APK,tradeontime.club,Malicious_APK_Download,100,1.0,2025-12 source list,0,,NSE consolidated list based on complaint received from clients,IMMEDIATE_BLOCK_AND_INTERCEPT
NSE-721,NSE,721,FLAGGED_MALICIOUS_ENTITY,https://tradeontime.trade/tot.apk,tradeontime.trade/tot.apk,Android_APK,tradeontime.trade,Malicious_APK_Download,100,1.0,2025-12 source list,0,,NSE consolidated list based on complaint received from clients,IMMEDIATE_BLOCK_AND_INTERCEPT
NSE-720,NSE,720,FLAGGED_MALICIOUS_ENTITY,trade_on_time01,trade_on_time01,Instagram,trade_on_time01,Social_Media_Trading_Impersonator,100,1.0,2025-12 source list,0,,NSE consolidated list based on complaint received from clients,IMMEDIATE_BLOCK_AND_INTERCEPT
NSE-719,NSE,719,FLAGGED_MALICIOUS_ENTITY,@sareen_trader,@sareen_trader,Instagram,@sareen_trader,Social_Media_Trading_Impersonator,100,1.0,2025-12 source list,0,,NSE consolidated list based on complaint received from clients,IMMEDIATE_BLOCK_AND_INTERCEPT
NSE-718,NSE,718,FLAGGED_MALICIOUS_ENTITY,https://www.youtube.com/@SareenTrader,www.youtube.com/@SareenTrader,YouTube,youtube.com,Unregistered_Advisory_YouTube,100,1.0,2025-12 source list,0,,NSE consolidated list based on complaint received from clients,IMMEDIATE_BLOCK_AND_INTERCEPT
NSE-717,NSE,717,FLAGGED_MALICIOUS_ENTITY,https://play.google.com/store/apps/details?id=com.finwavepro.akinbamideletapp,play.google.com/store/apps/details?id=com.finwavepro.akinbamideletapp,Mobile_App,play.google.com,Fake_Stock_Broker_Clone_App,100,1.0,2025-12 source list,0,,NSE consolidated list based on complaint received from clients,IMMEDIATE_BLOCK_AND_INTERCEPT
NSE-716,NSE,716,FLAGGED_MALICIOUS_ENTITY,RACPMTA,RACPMTA,Mobile_App,racpmta,Fake_Stock_Broker_Clone_App,100,1.0,2025-12 source list,0,,NSE consolidated list based on complaint received from clients,IMMEDIATE_BLOCK_AND_INTERCEPT
NSE-714,NSE,714,FLAGGED_MALICIOUS_ENTITY,Nifty Guru,Nifty Guru,YouTube,nifty guru,Unregistered_Advisory_YouTube,100,1.0,2025-12 source list,0,,NSE consolidated list based on complaint received from clients,IMMEDIATE_BLOCK_AND_INTERCEPT
NSE-713,NSE,713,FLAGGED_MALICIOUS_ENTITY,www.youtube.com/@niftyguru4525,www.youtube.com/@niftyguru4525,YouTube,youtube.com,Unregistered_Advisory_YouTube,100,1.0,2025-12 source list,0,,NSE consolidated list based on complaint received from clients,IMMEDIATE_BLOCK_AND_INTERCEPT
NSE-712,NSE,712,FLAGGED_MALICIOUS_ENTITY,https://youtu.be/RYTwCj_jxwg,youtu.be/RYTwCj_jxwg,YouTube,youtu.be,Unregistered_Advisory_YouTube,100,1.0,2025-12 source list,0,,NSE consolidated list based on complaint received from clients,IMMEDIATE_BLOCK_AND_INTERCEPT
NSE-711,NSE,711,FLAGGED_MALICIOUS_ENTITY,https://youtube.com/clip/Ugkx_ZboK_DUX--ZJqRn3rDGswK3jrRnI7QQ,youtube.com/clip/Ugkx_ZboK_DUX--ZJqRn3rDGswK3jrRnI7QQ,YouTube,youtube.com,Unregistered_Advisory_YouTube,100,1.0,2025-12 source list,0,,NSE consolidated list based on complaint received from clients,IMMEDIATE_BLOCK_AND_INTERCEPT
NSE-710,NSE,710,FLAGGED_MALICIOUS_ENTITY,https://youtube.com/clip/UgkxdP_LGuP6kS9fV5QMQMTS_mGdavWe_Ofd,youtube.com/clip/UgkxdP_LGuP6kS9fV5QMQMTS_mGdavWe_Ofd,YouTube,youtube.com,Unregistered_Advisory_YouTube,100,1.0,2025-12 source list,0,,NSE consolidated list based on complaint received from clients,IMMEDIATE_BLOCK_AND_INTERCEPT
NSE-709,NSE,709,FLAGGED_MALICIOUS_ENTITY,https://youtube.com/clip/UgkxfwUMwsgeUwX6MpIyNEoTsGTzVB5Q_ajY,youtube.com/clip/UgkxfwUMwsgeUwX6MpIyNEoTsGTzVB5Q_ajY,YouTube,youtube.com,Unregistered_Advisory_YouTube,100,1.0,2025-12 source list,0,,NSE consolidated list based on complaint received from clients,IMMEDIATE_BLOCK_AND_INTERCEPT
NSE-708,NSE,708,FLAGGED_MALICIOUS_ENTITY,https://5paisa.en.uptodown.com/android/download,5paisa.en.uptodown.com/android/download,Website,5paisa.en.uptodown.com,Phishing_Clone_Website,100,1.0,2025-12 source list,0,,NSE consolidated list based on complaint received from clients,IMMEDIATE_BLOCK_AND_INTERCEPT
NSE-707,NSE,707,FLAGGED_MALICIOUS_ENTITY,https://5paisa.en.uptodown.com/android/download,5paisa.en.uptodown.com/android/download,Website,5paisa.en.uptodown.com,Phishing_Clone_Website,100,1.0,2025-12 source list,0,,NSE consolidated list based on complaint received from clients,IMMEDIATE_BLOCK_AND_INTERCEPT
NSE-706,NSE,706,FLAGGED_MALICIOUS_ENTITY,https://pc.amansacapital.co,pc.amansacapital.co,Website,pc.amansacapital.co,Phishing_Clone_Website,100,1.0,2025-12 source list,0,,NSE consolidated list based on complaint received from clients,IMMEDIATE_BLOCK_AND_INTERCEPT
NSE-705,NSE,705,FLAGGED_MALICIOUS_ENTITY,https://m.amansacapital,m.amansacapital,Website,m.amansacapital,Phishing_Clone_Website,100,1.0,2025-12 source list,0,,NSE consolidated list based on complaint received from clients,IMMEDIATE_BLOCK_AND_INTERCEPT
NSE-704,NSE,704,FLAGGED_MALICIOUS_ENTITY,https://h5.varaniums.com/#/login,h5.varaniums.com/#/login,Website,h5.varaniums.com,Phishing_Clone_Website,100,1.0,2025-12 source list,0,,NSE consolidated list based on complaint received from clients,IMMEDIATE_BLOCK_AND_INTERCEPT
NSE-703,NSE,703,FLAGGED_MALICIOUS_ENTITY,https://drive.google.com/file/d/1EJH3ejXBAuimDz99UV65vu2NRyI5jzT/view,drive.google.com/file/d/1EJH3ejXBAuimDz99UV65vu2NRyI5jzT/view,Website,drive.google.com,Phishing_Clone_Website,100,1.0,2025-12 source list,0,,NSE consolidated list based on complaint received from clients,IMMEDIATE_BLOCK_AND_INTERCEPT
NSE-702,NSE,702,FLAGGED_MALICIOUS_ENTITY,360 ONE HNW,360 ONE HNW,Mobile_App,360 one hnw,Fake_Stock_Broker_Clone_App,100,1.0,2025-12 source list,0,,NSE consolidated list based on complaint received from clients,IMMEDIATE_BLOCK_AND_INTERCEPT
NSE-701,NSE,701,FLAGGED_MALICIOUS_ENTITY,http://bit.ly/3FY3IIv,bit.ly/3FY3IIv,Website,bit.ly,Phishing_Clone_Website,100,1.0,2025-12 source list,0,,NSE consolidated list based on complaint received from clients,IMMEDIATE_BLOCK_AND_INTERCEPT
NSE-700,NSE,700,FLAGGED_MALICIOUS_ENTITY,https://chat.whatsapp.com/EO94WQhplSYDrLTROu0l75,chat.whatsapp.com/EO94WQhplSYDrLTROu0l75,WhatsApp,chat.whatsapp.com,Private_Pump_and_Dump_Group,100,1.0,2025-12 source list,0,,NSE consolidated list based on complaint received from clients,IMMEDIATE_BLOCK_AND_INTERCEPT
NSE-699,NSE,699,FLAGGED_MALICIOUS_ENTITY,https://play.google.com/store/apps/details?id=com.imprinthrrfd.dailyimprint,play.google.com/store/apps/details?id=com.imprinthrrfd.dailyimprint,Mobile_App,play.google.com,Fake_Stock_Broker_Clone_App,100,1.0,2025-12 source list,0,,NSE consolidated list based on complaint received from clients,IMMEDIATE_BLOCK_AND_INTERCEPT
NSE-698,NSE,698,FLAGGED_MALICIOUS_ENTITY,https://www.mofslmaxs.com/#/home/index,www.mofslmaxs.com/#/home/index,Website,mofslmaxs.com,Phishing_Clone_Website,100,1.0,2025-12 source list,0,,NSE consolidated list based on complaint received from clients,IMMEDIATE_BLOCK_AND_INTERCEPT
NSE-697,NSE,697,FLAGGED_MALICIOUS_ENTITY,https://www.utgjv.com/,www.utgjv.com,Website,utgjv.com,Phishing_Clone_Website,100,1.0,2025-12 source list,0,,NSE consolidated list based on complaint received from clients,IMMEDIATE_BLOCK_AND_INTERCEPT
NSE-696,NSE,696,FLAGGED_MALICIOUS_ENTITY,https://www.hutsed.com,www.hutsed.com,Website,hutsed.com,Phishing_Clone_Website,100,1.0,2025-12 source list,0,,NSE consolidated list based on complaint received from clients,IMMEDIATE_BLOCK_AND_INTERCEPT
NSE-695,NSE,695,FLAGGED_MALICIOUS_ENTITY,Tradgrip.com,Tradgrip.com,Website,tradgrip.com,Phishing_Clone_Website,100,1.0,2025-12 source list,0,,NSE consolidated list based on complaint received from clients,IMMEDIATE_BLOCK_AND_INTERCEPT
NSE-694,NSE,694,FLAGGED_MALICIOUS_ENTITY,Finwave Pro,Finwave Pro,Mobile_App,finwave pro,Fake_Stock_Broker_Clone_App,100,1.0,2025-12 source list,0,,NSE consolidated list based on complaint received from clients,IMMEDIATE_BLOCK_AND_INTERCEPT
NSE-693,NSE,693,FLAGGED_MALICIOUS_ENTITY,https://play.google.com/store/apps/details?id=com.finwavepro.akinbamideletapp,play.google.com/store/apps/details?id=com.finwavepro.akinbamideletapp,Mobile_App,play.google.com,Fake_Stock_Broker_Clone_App,100,1.0,2025-12 source list,0,,NSE consolidated list based on complaint received from clients,IMMEDIATE_BLOCK_AND_INTERCEPT
NSE-692,NSE,692,FLAGGED_MALICIOUS_ENTITY,https://drive.google.com/drive/folders/100MclXTTLnRlcYc75eNZuLd1Cv9whTCP,drive.google.com/drive/folders/100MclXTTLnRlcYc75eNZuLd1Cv9whTCP,Website,drive.google.com,Phishing_Clone_Website,100,1.0,2025-12 source list,0,,NSE consolidated list based on complaint received from clients,IMMEDIATE_BLOCK_AND_INTERCEPT
NSE-691,NSE,691,FLAGGED_MALICIOUS_ENTITY,https://play.google.com/store/apps/details?id=com.finwavepro.akinbamideletapp&hl=en_IN,play.google.com/store/apps/details?id=com.finwavepro.akinbamideletapp&hl=en_IN,Mobile_App,play.google.com,Fake_Stock_Broker_Clone_App,100,1.0,2025-12 source list,0,,NSE consolidated list based on complaint received from clients,IMMEDIATE_BLOCK_AND_INTERCEPT
NSE-690,NSE,690,FLAGGED_MALICIOUS_ENTITY,https://play.google.com/store/apps/details?id=com.finyrainc.akinbamideletapp&hl=en_IN,play.google.com/store/apps/details?id=com.finyrainc.akinbamideletapp&hl=en_IN,Mobile_App,play.google.com,Fake_Stock_Broker_Clone_App,100,1.0,2025-12 source list,0,,NSE consolidated list based on complaint received from clients,IMMEDIATE_BLOCK_AND_INTERCEPT
NSE-689,NSE,689,FLAGGED_MALICIOUS_ENTITY,https://apps.apple.com/hk/app/finwave/id6746405726,apps.apple.com/hk/app/finwave/id6746405726,Mobile_App,apps.apple.com,Fake_Stock_Broker_Clone_App,100,1.0,2025-12 source list,0,,NSE consolidated list based on complaint received from clients,IMMEDIATE_BLOCK_AND_INTERCEPT
NSE-688,NSE,688,FLAGGED_MALICIOUS_ENTITY,https://chat.whatsapp.com/DkpJ2A3viawJTv4pNK1ydG,chat.whatsapp.com/DkpJ2A3viawJTv4pNK1ydG,WhatsApp,chat.whatsapp.com,Private_Pump_and_Dump_Group,100,1.0,2025-12 source list,0,,NSE consolidated list based on complaint received from clients,IMMEDIATE_BLOCK_AND_INTERCEPT
NSE-687,NSE,687,FLAGGED_MALICIOUS_ENTITY,Mentor Marvel,Mentor Marvel,Telegram,mentor marvel,Deceptive_Telegram_Trading_Channel,100,1.0,2025-12 source list,0,,NSE consolidated list based on complaint received from clients,IMMEDIATE_BLOCK_AND_INTERCEPT
NSE-686,NSE,686,FLAGGED_MALICIOUS_ENTITY,god.beydomainss.com,god.beydomainss.com,Website,god.beydomainss.com,Phishing_Clone_Website,100,1.0,2025-12 source list,0,,NSE consolidated list based on complaint received from clients,IMMEDIATE_BLOCK_AND_INTERCEPT
NSE-685,NSE,685,FLAGGED_MALICIOUS_ENTITY,https://www.facebook.com/share/p/1B134nxNdJ/,www.facebook.com/share/p/1B134nxNdJ,Facebook,facebook.com,Social_Media_Trading_Impersonator,100,1.0,2025-12 source list,0,,NSE consolidated list based on complaint received from clients,IMMEDIATE_BLOCK_AND_INTERCEPT
NSE-684,NSE,684,FLAGGED_MALICIOUS_ENTITY,https://tradepower.shop/tradepower.shop.apk,tradepower.shop/tradepower.shop.apk,Android_APK,tradepower.shop,Malicious_APK_Download,100,1.0,2025-12 source list,0,,NSE consolidated list based on complaint received from clients,IMMEDIATE_BLOCK_AND_INTERCEPT
NSE-683,NSE,683,FLAGGED_MALICIOUS_ENTITY,https://tradepower.shop,tradepower.shop,Website,tradepower.shop,Phishing_Clone_Website,100,1.0,2025-12 source list,0,,NSE consolidated list based on complaint received from clients,IMMEDIATE_BLOCK_AND_INTERCEPT
NSE-682,NSE,682,FLAGGED_MALICIOUS_ENTITY,https://play.google.com/store/apps/details?id=com.HTTKLine.weds.HTTKLine,play.google.com/store/apps/details?id=com.HTTKLine.weds.HTTKLine,Mobile_App,play.google.com,Fake_Stock_Broker_Clone_App,100,1.0,2025-12 source list,0,,NSE consolidated list based on complaint received from clients,IMMEDIATE_BLOCK_AND_INTERCEPT
NSE-681,NSE,681,FLAGGED_MALICIOUS_ENTITY,https://chat.whatsapp.com/ElBA2zq63knH3Ao9pDgj1W,chat.whatsapp.com/ElBA2zq63knH3Ao9pDgj1W,WhatsApp,chat.whatsapp.com,Private_Pump_and_Dump_Group,100,1.0,2025-12 source list,0,,NSE consolidated list based on complaint received from clients,IMMEDIATE_BLOCK_AND_INTERCEPT
NSE-680,NSE,680,FLAGGED_MALICIOUS_ENTITY,https://wa.me/918298195374,wa.me/918298195374,WhatsApp,wa.me,Private_Pump_and_Dump_Group,100,1.0,2025-12 source list,0,,NSE consolidated list based on complaint received from clients,IMMEDIATE_BLOCK_AND_INTERCEPT
NSE-679,NSE,679,FLAGGED_MALICIOUS_ENTITY,www.narayanahealth.org,www.narayanahealth.org,Website,narayanahealth.org,Phishing_Clone_Website,100,1.0,2025-12 source list,0,,NSE consolidated list based on complaint received from clients,IMMEDIATE_BLOCK_AND_INTERCEPT
NSE-678,NSE,678,FLAGGED_MALICIOUS_ENTITY,https://pc.spreadtdg.com,pc.spreadtdg.com,Website,pc.spreadtdg.com,Phishing_Clone_Website,100,1.0,2025-12 source list,0,,NSE consolidated list based on complaint received from clients,IMMEDIATE_BLOCK_AND_INTERCEPT
NSE-677,NSE,677,FLAGGED_MALICIOUS_ENTITY,https://www.spreagrogp.com,www.spreagrogp.com,Website,spreagrogp.com,Phishing_Clone_Website,100,1.0,2025-12 source list,0,,NSE consolidated list based on complaint received from clients,IMMEDIATE_BLOCK_AND_INTERCEPT
NSE-676,NSE,676,FLAGGED_MALICIOUS_ENTITY,https://pc.sprecdex.cc/,pc.sprecdex.cc,Website,pc.sprecdex.cc,Phishing_Clone_Website,100,1.0,2025-12 source list,0,,NSE consolidated list based on complaint received from clients,IMMEDIATE_BLOCK_AND_INTERCEPT
NSE-675,NSE,675,FLAGGED_MALICIOUS_ENTITY,https://pc.spreadexmax.com/#/,pc.spreadexmax.com/#,X_Twitter,pc.spreadexmax.com,Unlicensed_Signal_Provider,100,1.0,2025-12 source list,0,,NSE consolidated list based on complaint received from clients,IMMEDIATE_BLOCK_AND_INTERCEPT
NSE-674,NSE,674,FLAGGED_MALICIOUS_ENTITY,@rhushimanewof,@rhushimanewof,X_Twitter,@rhushimanewof,Unlicensed_Signal_Provider,100,1.0,2025-12 source list,0,,NSE consolidated list based on complaint received from clients,IMMEDIATE_BLOCK_AND_INTERCEPT
NSE-673,NSE,673,FLAGGED_MALICIOUS_ENTITY,https://x.com/rhushimanewof,x.com/rhushimanewof,X_Twitter,x.com,Unlicensed_Signal_Provider,100,1.0,2025-12 source list,0,,NSE consolidated list based on complaint received from clients,IMMEDIATE_BLOCK_AND_INTERCEPT
NSE-672,NSE,672,FLAGGED_MALICIOUS_ENTITY,@manerhushi1,@manerhushi1,X_Twitter,@manerhushi1,Unlicensed_Signal_Provider,100,1.0,2025-12 source list,0,,NSE consolidated list based on complaint received from clients,IMMEDIATE_BLOCK_AND_INTERCEPT
NSE-671,NSE,671,FLAGGED_MALICIOUS_ENTITY,https://x.com/manerhushi1,x.com/manerhushi1,X_Twitter,x.com,Unlicensed_Signal_Provider,100,1.0,2025-12 source list,0,,NSE consolidated list based on complaint received from clients,IMMEDIATE_BLOCK_AND_INTERCEPT
NSE-670,NSE,670,FLAGGED_MALICIOUS_ENTITY,WOF Premium Group,WOF Premium Group,Telegram,wof premium group,Deceptive_Telegram_Trading_Channel,100,1.0,2025-12 source list,0,,NSE consolidated list based on complaint received from clients,IMMEDIATE_BLOCK_AND_INTERCEPT
NSE-669,NSE,669,FLAGGED_MALICIOUS_ENTITY,WOF Premium Future Trading Group,WOF Premium Future Trading Group,Telegram,wof premium future trading group,Deceptive_Telegram_Trading_Channel,100,1.0,2025-12 source list,0,,NSE consolidated list based on complaint received from clients,IMMEDIATE_BLOCK_AND_INTERCEPT
NSE-668,NSE,668,FLAGGED_MALICIOUS_ENTITY,WOF Pro Investor Group,WOF Pro Investor Group,Telegram,wof pro investor group,Deceptive_Telegram_Trading_Channel,100,1.0,2025-12 source list,0,,NSE consolidated list based on complaint received from clients,IMMEDIATE_BLOCK_AND_INTERCEPT
NSE-667,NSE,667,FLAGGED_MALICIOUS_ENTITY,WOF Commodity Trading Group,WOF Commodity Trading Group,Telegram,wof commodity trading group,Deceptive_Telegram_Trading_Channel,100,1.0,2025-12 source list,0,,NSE consolidated list based on complaint received from clients,IMMEDIATE_BLOCK_AND_INTERCEPT
NSE-666,NSE,666,FLAGGED_MALICIOUS_ENTITY,https://cosmofeed.com/vig/67793885a2d7d300131ffd15,cosmofeed.com/vig/67793885a2d7d300131ffd15,VIP_Payment_Gate,cosmofeed.com,Unlicensed_VIP_Payment_Page,100,1.0,2025-12 source list,0,,NSE consolidated list based on complaint received from clients,IMMEDIATE_BLOCK_AND_INTERCEPT
NSE-665,NSE,665,FLAGGED_MALICIOUS_ENTITY,https://bazaarfx.com/,bazaarfx.com,X_Twitter,bazaarfx.com,Unlicensed_Signal_Provider,100,1.0,2025-12 source list,0,,NSE consolidated list based on complaint received from clients,IMMEDIATE_BLOCK_AND_INTERCEPT
NSE-664,NSE,664,FLAGGED_MALICIOUS_ENTITY,Market Analysis & Calls,Market Analysis & Calls,Telegram,market analysis & calls,Deceptive_Telegram_Trading_Channel,100,1.0,2025-12 source list,0,,NSE consolidated list based on complaint received from clients,IMMEDIATE_BLOCK_AND_INTERCEPT
NSE-663,NSE,663,FLAGGED_MALICIOUS_ENTITY,https://t.me/+AjSo5BrhzFQ2Mjdl,t.me/+AjSo5BrhzFQ2Mjdl,Telegram,+ajso5brhzfq2mjdl,Deceptive_Telegram_Trading_Channel,100,1.0,2025-12 source list,0,,NSE consolidated list based on complaint received from clients,IMMEDIATE_BLOCK_AND_INTERCEPT
NSE-662,NSE,662,FLAGGED_MALICIOUS_ENTITY,https://t.me/bazaarfxofficial,t.me/bazaarfxofficial,Telegram,bazaarfxofficial,Deceptive_Telegram_Trading_Channel,100,1.0,2025-12 source list,0,,NSE consolidated list based on complaint received from clients,IMMEDIATE_BLOCK_AND_INTERCEPT
NSE-661,NSE,661,FLAGGED_MALICIOUS_ENTITY,@bazaarFX,@bazaarFX,YouTube,@bazaarfx,Unregistered_Advisory_YouTube,100,1.0,2025-12 source list,0,,NSE consolidated list based on complaint received from clients,IMMEDIATE_BLOCK_AND_INTERCEPT
NSE-660,NSE,660,FLAGGED_MALICIOUS_ENTITY,BazaarFX,BazaarFX,Mobile_App,bazaarfx,Fake_Stock_Broker_Clone_App,100,1.0,2025-12 source list,0,,NSE consolidated list based on complaint received from clients,IMMEDIATE_BLOCK_AND_INTERCEPT
NSE-659,NSE,659,FLAGGED_MALICIOUS_ENTITY,https://www.finoshares.com,www.finoshares.com,Website,finoshares.com,Phishing_Clone_Website,100,1.0,2025-12 source list,0,,NSE consolidated list based on complaint received from clients,IMMEDIATE_BLOCK_AND_INTERCEPT
NSE-658,NSE,658,FLAGGED_MALICIOUS_ENTITY,https://t.me/finobulls,t.me/finobulls,Telegram,finobulls,Deceptive_Telegram_Trading_Channel,100,1.0,2025-12 source list,0,,NSE consolidated list based on complaint received from clients,IMMEDIATE_BLOCK_AND_INTERCEPT
NSE-657,NSE,657,FLAGGED_MALICIOUS_ENTITY,https://t.me/finostocks_aarush,t.me/finostocks_aarush,Telegram,finostocks_aarush,Deceptive_Telegram_Trading_Channel,100,1.0,2025-12 source list,0,,NSE consolidated list based on complaint received from clients,IMMEDIATE_BLOCK_AND_INTERCEPT
NSE-656,NSE,656,FLAGGED_MALICIOUS_ENTITY,https://telegram.openinapp.co/71wvl,telegram.openinapp.co/71wvl,Telegram,71wvl,Deceptive_Telegram_Trading_Channel,100,1.0,2025-12 source list,0,,NSE consolidated list based on complaint received from clients,IMMEDIATE_BLOCK_AND_INTERCEPT
NSE-655,NSE,655,FLAGGED_MALICIOUS_ENTITY,https://telegram.me/s/finoshares,telegram.me/s/finoshares,Telegram,finoshares,Deceptive_Telegram_Trading_Channel,100,1.0,2025-12 source list,0,,NSE consolidated list based on complaint received from clients,IMMEDIATE_BLOCK_AND_INTERCEPT
NSE-654,NSE,654,FLAGGED_MALICIOUS_ENTITY,yogita_trader_56,yogita_trader_56,Instagram,yogita_trader_56,Social_Media_Trading_Impersonator,100,1.0,2025-12 source list,0,,NSE consolidated list based on complaint received from clients,IMMEDIATE_BLOCK_AND_INTERCEPT
NSE-653,NSE,653,FLAGGED_MALICIOUS_ENTITY,https://www.richwealth.in,www.richwealth.in,Website,richwealth.in,Phishing_Clone_Website,100,1.0,2025-12 source list,0,,NSE consolidated list based on complaint received from clients,IMMEDIATE_BLOCK_AND_INTERCEPT
NSE-652,NSE,652,FLAGGED_MALICIOUS_ENTITY,https://www.facebook.com/share/1L6Y4VuaxG/,www.facebook.com/share/1L6Y4VuaxG,Facebook,facebook.com,Social_Media_Trading_Impersonator,100,1.0,2025-12 source list,0,,NSE consolidated list based on complaint received from clients,IMMEDIATE_BLOCK_AND_INTERCEPT
NSE-651,NSE,651,FLAGGED_MALICIOUS_ENTITY,https://www.instagram.com/richwealth.in,www.instagram.com/richwealth.in,Instagram,instagram.com,Social_Media_Trading_Impersonator,100,1.0,2025-12 source list,0,,NSE consolidated list based on complaint received from clients,IMMEDIATE_BLOCK_AND_INTERCEPT
NSE-650,NSE,650,FLAGGED_MALICIOUS_ENTITY,www.closefriendstraders.com,www.closefriendstraders.com,Website,closefriendstraders.com,Phishing_Clone_Website,100,1.0,2025-12 source list,0,,NSE consolidated list based on complaint received from clients,IMMEDIATE_BLOCK_AND_INTERCEPT
NSE-649,NSE,649,FLAGGED_MALICIOUS_ENTITY,/dabbatradingmcx,/dabbatradingmcx,Telegram,dabbatradingmcx,Deceptive_Telegram_Trading_Channel,100,1.0,2025-12 source list,0,,NSE consolidated list based on complaint received from clients,IMMEDIATE_BLOCK_AND_INTERCEPT
NSE-648,NSE,648,FLAGGED_MALICIOUS_ENTITY,/closefriendstraders YouTube/Instagram,/closefriendstraders YouTube/Instagram,Website,,Phishing_Clone_Website,100,1.0,2025-12 source list,0,,NSE consolidated list based on complaint received from clients,IMMEDIATE_BLOCK_AND_INTERCEPT
NSE-647,NSE,647,FLAGGED_MALICIOUS_ENTITY,Close Friends Traders,Close Friends Traders,Website,close friends traders,Phishing_Clone_Website,100,1.0,2025-12 source list,0,,NSE consolidated list based on complaint received from clients,IMMEDIATE_BLOCK_AND_INTERCEPT
NSE-646,NSE,646,FLAGGED_MALICIOUS_ENTITY,FinYugs Pro 2.0,FinYugs Pro 2.0,Telegram,finyugs pro 2.0,Deceptive_Telegram_Trading_Channel,100,1.0,2025-12 source list,0,,NSE consolidated list based on complaint received from clients,IMMEDIATE_BLOCK_AND_INTERCEPT
NSE-645,NSE,645,FLAGGED_MALICIOUS_ENTITY,https://t.me/finyugs,t.me/finyugs,Telegram,finyugs,Deceptive_Telegram_Trading_Channel,100,1.0,2025-12 source list,0,,NSE consolidated list based on complaint received from clients,IMMEDIATE_BLOCK_AND_INTERCEPT
NSE-644,NSE,644,FLAGGED_MALICIOUS_ENTITY,FinYugs,FinYugs,Website,finyugs,Phishing_Clone_Website,100,1.0,2025-12 source list,0,,NSE consolidated list based on complaint received from clients,IMMEDIATE_BLOCK_AND_INTERCEPT
NSE-643,NSE,643,FLAGGED_MALICIOUS_ENTITY,@YagneshPuri,@YagneshPuri,X_Twitter,@yagneshpuri,Unlicensed_Signal_Provider,100,1.0,2025-12 source list,0,,NSE consolidated list based on complaint received from clients,IMMEDIATE_BLOCK_AND_INTERCEPT
NSE-642,NSE,642,FLAGGED_MALICIOUS_ENTITY,https://cosmofeed.com/vig/660c05ebb66cbb0012ea1b52,cosmofeed.com/vig/660c05ebb66cbb0012ea1b52,VIP_Payment_Gate,cosmofeed.com,Unlicensed_VIP_Payment_Page,100,1.0,2025-12 source list,0,,NSE consolidated list based on complaint received from clients,IMMEDIATE_BLOCK_AND_INTERCEPT
NSE-641,NSE,641,FLAGGED_MALICIOUS_ENTITY,www.shahsinvestment.com,www.shahsinvestment.com,Website,shahsinvestment.com,Phishing_Clone_Website,100,1.0,2025-12 source list,0,,NSE consolidated list based on complaint received from clients,IMMEDIATE_BLOCK_AND_INTERCEPT
NSE-640,NSE,640,FLAGGED_MALICIOUS_ENTITY,https://www.saif99.com/,www.saif99.com,Website,saif99.com,Phishing_Clone_Website,100,1.0,2025-12 source list,0,,NSE consolidated list based on complaint received from clients,IMMEDIATE_BLOCK_AND_INTERCEPT
NSE-639,NSE,639,FLAGGED_MALICIOUS_ENTITY,https://m.kopernikglobalcapital.com/register?u=88903615,m.kopernikglobalcapital.com/register?u=88903615,Website,m.kopernikglobalcapital.com,Phishing_Clone_Website,100,1.0,2025-12 source list,0,,NSE consolidated list based on complaint received from clients,IMMEDIATE_BLOCK_AND_INTERCEPT
NSE-638,NSE,638,FLAGGED_MALICIOUS_ENTITY,Pushkar Raj Thakur,Pushkar Raj Thakur,Telegram,pushkar raj thakur,Deceptive_Telegram_Trading_Channel,100,1.0,2025-12 source list,0,,NSE consolidated list based on complaint received from clients,IMMEDIATE_BLOCK_AND_INTERCEPT
NSE-637,NSE,637,FLAGGED_MALICIOUS_ENTITY,trade.finbridgecap.com,trade.finbridgecap.com,Website,trade.finbridgecap.com,Phishing_Clone_Website,100,1.0,2025-12 source list,0,,NSE consolidated list based on complaint received from clients,IMMEDIATE_BLOCK_AND_INTERCEPT
NSE-636,NSE,636,FLAGGED_MALICIOUS_ENTITY,https://www.upstox.cyou,www.upstox.cyou,Website,upstox.cyou,Phishing_Clone_Website,100,1.0,2025-12 source list,0,,NSE consolidated list based on complaint received from clients,IMMEDIATE_BLOCK_AND_INTERCEPT
NSE-635,NSE,635,FLAGGED_MALICIOUS_ENTITY,https://www.upstox.cloud,www.upstox.cloud,Website,upstox.cloud,Phishing_Clone_Website,100,1.0,2025-12 source list,0,,NSE consolidated list based on complaint received from clients,IMMEDIATE_BLOCK_AND_INTERCEPT
NSE-634,NSE,634,FLAGGED_MALICIOUS_ENTITY,https://chat.whatsapp.com/FIQ5LgH1bQr8Fz3a3ZzkGl,chat.whatsapp.com/FIQ5LgH1bQr8Fz3a3ZzkGl,WhatsApp,chat.whatsapp.com,Private_Pump_and_Dump_Group,100,1.0,2025-12 source list,0,,NSE consolidated list based on complaint received from clients,IMMEDIATE_BLOCK_AND_INTERCEPT
NSE-633,NSE,633,FLAGGED_MALICIOUS_ENTITY,https://www.facebook.com/share/1AUNE9biyzx/,www.facebook.com/share/1AUNE9biyzx,Facebook,facebook.com,Social_Media_Trading_Impersonator,100,1.0,2025-12 source list,0,,NSE consolidated list based on complaint received from clients,IMMEDIATE_BLOCK_AND_INTERCEPT
NSE-632,NSE,632,FLAGGED_MALICIOUS_ENTITY,https://trade.finbridgecap.org/en/login,trade.finbridgecap.org/en/login,Website,trade.finbridgecap.org,Phishing_Clone_Website,100,1.0,2025-12 source list,0,,NSE consolidated list based on complaint received from clients,IMMEDIATE_BLOCK_AND_INTERCEPT
NSE-631,NSE,631,FLAGGED_MALICIOUS_ENTITY,https://youtu.be/KFxPT52EHHU,youtu.be/KFxPT52EHHU,YouTube,youtu.be,Unregistered_Advisory_YouTube,100,1.0,2025-12 source list,0,,NSE consolidated list based on complaint received from clients,IMMEDIATE_BLOCK_AND_INTERCEPT
NSE-630,NSE,630,FLAGGED_MALICIOUS_ENTITY,https://youtube.com/@tradex2822,youtube.com/@tradex2822,YouTube,youtube.com,Unregistered_Advisory_YouTube,100,1.0,2025-12 source list,0,,NSE consolidated list based on complaint received from clients,IMMEDIATE_BLOCK_AND_INTERCEPT
NSE-629,NSE,629,FLAGGED_MALICIOUS_ENTITY,https://youtu.be/FdAt5c01bJQ,youtu.be/FdAt5c01bJQ,YouTube,youtu.be,Unregistered_Advisory_YouTube,100,1.0,2025-12 source list,0,,NSE consolidated list based on complaint received from clients,IMMEDIATE_BLOCK_AND_INTERCEPT
NSE-628,NSE,628,FLAGGED_MALICIOUS_ENTITY,https://youtu.be/mwjoIpggWNY,youtu.be/mwjoIpggWNY,YouTube,youtu.be,Unregistered_Advisory_YouTube,100,1.0,2025-12 source list,0,,NSE consolidated list based on complaint received from clients,IMMEDIATE_BLOCK_AND_INTERCEPT
NSE-627,NSE,627,FLAGGED_MALICIOUS_ENTITY,https://www.youtube.com/live/T3mkxRSfugI,www.youtube.com/live/T3mkxRSfugI,YouTube,youtube.com,Unregistered_Advisory_YouTube,100,1.0,2025-12 source list,0,,NSE consolidated list based on complaint received from clients,IMMEDIATE_BLOCK_AND_INTERCEPT
NSE-626,NSE,626,FLAGGED_MALICIOUS_ENTITY,https://t.me/livetradingwithrohit/1769,t.me/livetradingwithrohit/1769,Telegram,1769,Deceptive_Telegram_Trading_Channel,100,1.0,2025-12 source list,0,,NSE consolidated list based on complaint received from clients,IMMEDIATE_BLOCK_AND_INTERCEPT
NSE-625,NSE,625,FLAGGED_MALICIOUS_ENTITY,https://t.me/livetradingwithrohit,t.me/livetradingwithrohit,Telegram,livetradingwithrohit,Deceptive_Telegram_Trading_Channel,100,1.0,2025-12 source list,0,,NSE consolidated list based on complaint received from clients,IMMEDIATE_BLOCK_AND_INTERCEPT
NSE-624,NSE,624,FLAGGED_MALICIOUS_ENTITY,https://youtu.be/v453f6sB6Ec,youtu.be/v453f6sB6Ec,YouTube,youtu.be,Unregistered_Advisory_YouTube,100,1.0,2025-12 source list,0,,NSE consolidated list based on complaint received from clients,IMMEDIATE_BLOCK_AND_INTERCEPT
NSE-622,NSE,622,FLAGGED_MALICIOUS_ENTITY,https://www.youtube.com/live/zHMzAiRWM8Q,www.youtube.com/live/zHMzAiRWM8Q,YouTube,youtube.com,Unregistered_Advisory_YouTube,100,1.0,2025-12 source list,0,,NSE consolidated list based on complaint received from clients,IMMEDIATE_BLOCK_AND_INTERCEPT
NSE-621,NSE,621,FLAGGED_MALICIOUS_ENTITY,https://www.youtube.com/live/5E9B_mdBky0,www.youtube.com/live/5E9B_mdBky0,YouTube,youtube.com,Unregistered_Advisory_YouTube,100,1.0,2025-12 source list,0,,NSE consolidated list based on complaint received from clients,IMMEDIATE_BLOCK_AND_INTERCEPT
NSE-620,NSE,620,FLAGGED_MALICIOUS_ENTITY,https://youtube.com/shorts/CRKSbozYk7o,youtube.com/shorts/CRKSbozYk7o,YouTube,youtube.com,Unregistered_Advisory_YouTube,100,1.0,2025-12 source list,0,,NSE consolidated list based on complaint received from clients,IMMEDIATE_BLOCK_AND_INTERCEPT
NSE-619,NSE,619,FLAGGED_MALICIOUS_ENTITY,https://www.youtube.com/live/5E9B_mdBky0,www.youtube.com/live/5E9B_mdBky0,YouTube,youtube.com,Unregistered_Advisory_YouTube,100,1.0,2025-12 source list,0,,NSE consolidated list based on complaint received from clients,IMMEDIATE_BLOCK_AND_INTERCEPT
NSE-618,NSE,618,FLAGGED_MALICIOUS_ENTITY,https://www.youtube.com/live/S_lRKfbxTeg,www.youtube.com/live/S_lRKfbxTeg,YouTube,youtube.com,Unregistered_Advisory_YouTube,100,1.0,2025-12 source list,0,,NSE consolidated list based on complaint received from clients,IMMEDIATE_BLOCK_AND_INTERCEPT
NSE-617,NSE,617,FLAGGED_MALICIOUS_ENTITY,Abans App,Abans App,Mobile_App,abans app,Fake_Stock_Broker_Clone_App,100,1.0,2025-12 source list,0,,NSE consolidated list based on complaint received from clients,IMMEDIATE_BLOCK_AND_INTERCEPT
NSE-616,NSE,616,FLAGGED_MALICIOUS_ENTITY,AbAnsiTwirlCoolFan App,AbAnsiTwirlCoolFan App,Mobile_App,abansitwirlcoolfan app,Fake_Stock_Broker_Clone_App,100,1.0,2025-12 source list,0,,NSE consolidated list based on complaint received from clients,IMMEDIATE_BLOCK_AND_INTERCEPT
NSE-615,NSE,615,FLAGGED_MALICIOUS_ENTITY,ABANS PRO APP,ABANS PRO APP,Mobile_App,abans pro app,Fake_Stock_Broker_Clone_App,100,1.0,2025-12 source list,0,,NSE consolidated list based on complaint received from clients,IMMEDIATE_BLOCK_AND_INTERCEPT
NSE-614,NSE,614,FLAGGED_MALICIOUS_ENTITY,CREATION IFL,CREATION IFL,Mobile_App,creation ifl,Fake_Stock_Broker_Clone_App,100,1.0,2025-12 source list,0,,NSE consolidated list based on complaint received from clients,IMMEDIATE_BLOCK_AND_INTERCEPT
NSE-613,NSE,613,FLAGGED_MALICIOUS_ENTITY,https://m.creationinvestments.cc/register,m.creationinvestments.cc/register,Website,m.creationinvestments.cc,Phishing_Clone_Website,100,1.0,2025-12 source list,0,,NSE consolidated list based on complaint received from clients,IMMEDIATE_BLOCK_AND_INTERCEPT
NSE-612,NSE,612,FLAGGED_MALICIOUS_ENTITY,https://googleplay-ares.com/,googleplay-ares.com,Website,googleplay-ares.com,Phishing_Clone_Website,100,1.0,2025-12 source list,0,,NSE consolidated list based on complaint received from clients,IMMEDIATE_BLOCK_AND_INTERCEPT
NSE-611,NSE,611,FLAGGED_MALICIOUS_ENTITY,https://pwma-syse.xin,pwma-syse.xin,Website,pwma-syse.xin,Phishing_Clone_Website,100,1.0,2025-12 source list,0,,NSE consolidated list based on complaint received from clients,IMMEDIATE_BLOCK_AND_INTERCEPT
NSE-610,NSE,610,FLAGGED_MALICIOUS_ENTITY,https://www.instagram.com/reel/DEMU-ZPvSh5/,www.instagram.com/reel/DEMU-ZPvSh5,Instagram,instagram.com,Social_Media_Trading_Impersonator,100,1.0,2025-12 source list,0,,NSE consolidated list based on complaint received from clients,IMMEDIATE_BLOCK_AND_INTERCEPT
NSE-609,NSE,609,FLAGGED_MALICIOUS_ENTITY,https://www.instagram.com/reel/DDgKAhVvRpx/,www.instagram.com/reel/DDgKAhVvRpx,Instagram,instagram.com,Social_Media_Trading_Impersonator,100,1.0,2025-12 source list,0,,NSE consolidated list based on complaint received from clients,IMMEDIATE_BLOCK_AND_INTERCEPT
NSE-608,NSE,608,FLAGGED_MALICIOUS_ENTITY,https://www.instagram.com/reel/DEBo4PnNejb/,www.instagram.com/reel/DEBo4PnNejb,Instagram,instagram.com,Social_Media_Trading_Impersonator,100,1.0,2025-12 source list,0,,NSE consolidated list based on complaint received from clients,IMMEDIATE_BLOCK_AND_INTERCEPT
NSE-607,NSE,607,FLAGGED_MALICIOUS_ENTITY,https://www.instagram.com/reel/DEJdJFuPJ7Q/,www.instagram.com/reel/DEJdJFuPJ7Q,Instagram,instagram.com,Social_Media_Trading_Impersonator,100,1.0,2025-12 source list,0,,NSE consolidated list based on complaint received from clients,IMMEDIATE_BLOCK_AND_INTERCEPT
NSE-606,NSE,606,FLAGGED_MALICIOUS_ENTITY,https://www.instagram.com/reel/DE6uiOyPzH5/,www.instagram.com/reel/DE6uiOyPzH5,Instagram,instagram.com,Social_Media_Trading_Impersonator,100,1.0,2025-12 source list,0,,NSE consolidated list based on complaint received from clients,IMMEDIATE_BLOCK_AND_INTERCEPT
NSE-605,NSE,605,FLAGGED_MALICIOUS_ENTITY,https://www.instagram.com/reel/DFJyMKav9i5/,www.instagram.com/reel/DFJyMKav9i5,Instagram,instagram.com,Social_Media_Trading_Impersonator,100,1.0,2025-12 source list,0,,NSE consolidated list based on complaint received from clients,IMMEDIATE_BLOCK_AND_INTERCEPT
NSE-604,NSE,604,FLAGGED_MALICIOUS_ENTITY,https://www.instagram.com/reel/DFRYwystfij/,www.instagram.com/reel/DFRYwystfij,Instagram,instagram.com,Social_Media_Trading_Impersonator,100,1.0,2025-12 source list,0,,NSE consolidated list based on complaint received from clients,IMMEDIATE_BLOCK_AND_INTERCEPT
NSE-603,NSE,603,FLAGGED_MALICIOUS_ENTITY,https://www.instagram.com/reel/DFrpRTzPvye/,www.instagram.com/reel/DFrpRTzPvye,Instagram,instagram.com,Social_Media_Trading_Impersonator,100,1.0,2025-12 source list,0,,NSE consolidated list based on complaint received from clients,IMMEDIATE_BLOCK_AND_INTERCEPT
NSE-602,NSE,602,FLAGGED_MALICIOUS_ENTITY,https://www.instagram.com/reel/DGhnbIhNuqX/,www.instagram.com/reel/DGhnbIhNuqX,Instagram,instagram.com,Social_Media_Trading_Impersonator,100,1.0,2025-12 source list,0,,NSE consolidated list based on complaint received from clients,IMMEDIATE_BLOCK_AND_INTERCEPT
NSE-601,NSE,601,FLAGGED_MALICIOUS_ENTITY,https://spfinserv.in/stockmarketclasses/,spfinserv.in/stockmarketclasses,Website,spfinserv.in,Phishing_Clone_Website,100,1.0,2025-12 source list,0,,NSE consolidated list based on complaint received from clients,IMMEDIATE_BLOCK_AND_INTERCEPT
NSE-600,NSE,600,FLAGGED_MALICIOUS_ENTITY,SMC Finance VIP APP,SMC Finance VIP APP,Mobile_App,smc finance vip app,Fake_Stock_Broker_Clone_App,100,1.0,2025-12 source list,0,,NSE consolidated list based on complaint received from clients,IMMEDIATE_BLOCK_AND_INTERCEPT
NSE-599,NSE,599,FLAGGED_MALICIOUS_ENTITY,Aarayaa Fin,Aarayaa Fin,Mobile_App,aarayaa fin,Fake_Stock_Broker_Clone_App,100,1.0,2025-12 source list,0,,NSE consolidated list based on complaint received from clients,IMMEDIATE_BLOCK_AND_INTERCEPT
NSE-598,NSE,598,FLAGGED_MALICIOUS_ENTITY,www.acml.cc,www.acml.cc,Website,acml.cc,Phishing_Clone_Website,100,1.0,2025-12 source list,0,,NSE consolidated list based on complaint received from clients,IMMEDIATE_BLOCK_AND_INTERCEPT
NSE-597,NSE,597,FLAGGED_MALICIOUS_ENTITY,BOB Global,BOB Global,Mobile_App,bob global,Fake_Stock_Broker_Clone_App,100,1.0,2025-12 source list,0,,NSE consolidated list based on complaint received from clients,IMMEDIATE_BLOCK_AND_INTERCEPT
NSE-596,NSE,596,FLAGGED_MALICIOUS_ENTITY,TradeGenius,TradeGenius,Mobile_App,tradegenius,Fake_Stock_Broker_Clone_App,100,1.0,2025-12 source list,0,,NSE consolidated list based on complaint received from clients,IMMEDIATE_BLOCK_AND_INTERCEPT
NSE-595,NSE,595,FLAGGED_MALICIOUS_ENTITY,Avendus Pro (AAFM PLUS),Avendus Pro (AAFM PLUS),Mobile_App,avendus pro (aafm plus),Fake_Stock_Broker_Clone_App,100,1.0,2025-12 source list,0,,NSE consolidated list based on complaint received from clients,IMMEDIATE_BLOCK_AND_INTERCEPT
NSE-594,NSE,594,FLAGGED_MALICIOUS_ENTITY,www.storak.in,www.storak.in,Website,storak.in,Phishing_Clone_Website,100,1.0,2025-12 source list,0,,NSE consolidated list based on complaint received from clients,IMMEDIATE_BLOCK_AND_INTERCEPT
NSE-593,NSE,593,FLAGGED_MALICIOUS_ENTITY,smcinvestment.com,smcinvestment.com,Website,smcinvestment.com,Phishing_Clone_Website,100,1.0,2025-12 source list,0,,NSE consolidated list based on complaint received from clients,IMMEDIATE_BLOCK_AND_INTERCEPT
NSE-592,NSE,592,FLAGGED_MALICIOUS_ENTITY,https://www.most-8.com,www.most-8.com,Website,most-8.com,Phishing_Clone_Website,100,1.0,2025-12 source list,0,,NSE consolidated list based on complaint received from clients,IMMEDIATE_BLOCK_AND_INTERCEPT
NSE-591,NSE,591,FLAGGED_MALICIOUS_ENTITY,https://www.trowepricevip.com,www.trowepricevip.com,Website,trowepricevip.com,Phishing_Clone_Website,100,1.0,2025-12 source list,0,,NSE consolidated list based on complaint received from clients,IMMEDIATE_BLOCK_AND_INTERCEPT
NSE-590,NSE,590,FLAGGED_MALICIOUS_ENTITY,https://m.jeffin.site/#/home,m.jeffin.site/#/home,Website,m.jeffin.site,Phishing_Clone_Website,100,1.0,2025-12 source list,0,,NSE consolidated list based on complaint received from clients,IMMEDIATE_BLOCK_AND_INTERCEPT
NSE-589,NSE,589,FLAGGED_MALICIOUS_ENTITY,STORAK,STORAK,Mobile_App,storak,Fake_Stock_Broker_Clone_App,100,1.0,2025-12 source list,0,,NSE consolidated list based on complaint received from clients,IMMEDIATE_BLOCK_AND_INTERCEPT
NSE-588,NSE,588,FLAGGED_MALICIOUS_ENTITY,Storak.in,Storak.in,Website,storak.in,Phishing_Clone_Website,100,1.0,2025-12 source list,0,,NSE consolidated list based on complaint received from clients,IMMEDIATE_BLOCK_AND_INTERCEPT
NSE-587,NSE,587,FLAGGED_MALICIOUS_ENTITY,www.skyrimc.com/index.html,www.skyrimc.com/index.html,Website,skyrimc.com,Phishing_Clone_Website,100,1.0,2025-12 source list,0,,NSE consolidated list based on complaint received from clients,IMMEDIATE_BLOCK_AND_INTERCEPT
NSE-586,NSE,586,FLAGGED_MALICIOUS_ENTITY,www.skyrimc.com,www.skyrimc.com,Website,skyrimc.com,Phishing_Clone_Website,100,1.0,2025-12 source list,0,,NSE consolidated list based on complaint received from clients,IMMEDIATE_BLOCK_AND_INTERCEPT
NSE-585,NSE,585,FLAGGED_MALICIOUS_ENTITY,https://app.isec.ltd/,app.isec.ltd,Website,app.isec.ltd,Phishing_Clone_Website,100,1.0,2025-12 source list,0,,NSE consolidated list based on complaint received from clients,IMMEDIATE_BLOCK_AND_INTERCEPT
NSE-584,NSE,584,FLAGGED_MALICIOUS_ENTITY,https://m.pimcogroup.net/#/,m.pimcogroup.net/#,Website,m.pimcogroup.net,Phishing_Clone_Website,100,1.0,2025-12 source list,0,,NSE consolidated list based on complaint received from clients,IMMEDIATE_BLOCK_AND_INTERCEPT
NSE-583,NSE,583,FLAGGED_MALICIOUS_ENTITY,kuroto-capital.com,kuroto-capital.com,Website,kuroto-capital.com,Phishing_Clone_Website,100,1.0,2025-12 source list,0,,NSE consolidated list based on complaint received from clients,IMMEDIATE_BLOCK_AND_INTERCEPT
NSE-582,NSE,582,FLAGGED_MALICIOUS_ENTITY,jeff-in,jeff-in,Mobile_App,jeff-in,Fake_Stock_Broker_Clone_App,100,1.0,2025-12 source list,0,,NSE consolidated list based on complaint received from clients,IMMEDIATE_BLOCK_AND_INTERCEPT
NSE-581,NSE,581,FLAGGED_MALICIOUS_ENTITY,http://www.smartvisionwealth.com/,www.smartvisionwealth.com,Website,smartvisionwealth.com,Phishing_Clone_Website,100,1.0,2025-12 source list,0,,NSE consolidated list based on complaint received from clients,IMMEDIATE_BLOCK_AND_INTERCEPT
NSE-580,NSE,580,FLAGGED_MALICIOUS_ENTITY,https://t.me/+drIyBARe0jEzNzdl,t.me/+drIyBARe0jEzNzdl,Telegram,+driybare0jeznzdl,Deceptive_Telegram_Trading_Channel,100,1.0,2025-12 source list,0,,NSE consolidated list based on complaint received from clients,IMMEDIATE_BLOCK_AND_INTERCEPT
NSE-579,NSE,579,FLAGGED_MALICIOUS_ENTITY,WAY 2 LAABH.com,WAY 2 LAABH.com,Website,way 2 laabh.com,Phishing_Clone_Website,100,1.0,2025-12 source list,0,,NSE consolidated list based on complaint received from clients,IMMEDIATE_BLOCK_AND_INTERCEPT
NSE-578,NSE,578,FLAGGED_MALICIOUS_ENTITY,https://t.me/Way2laabh7,t.me/Way2laabh7,Telegram,way2laabh7,Deceptive_Telegram_Trading_Channel,100,1.0,2025-12 source list,0,,NSE consolidated list based on complaint received from clients,IMMEDIATE_BLOCK_AND_INTERCEPT
NSE-577,NSE,577,FLAGGED_MALICIOUS_ENTITY,Trading Ways Pankaj Bhardwaj,Trading Ways Pankaj Bhardwaj,Telegram,trading ways pankaj bhardwaj,Deceptive_Telegram_Trading_Channel,100,1.0,2025-12 source list,0,,NSE consolidated list based on complaint received from clients,IMMEDIATE_BLOCK_AND_INTERCEPT
NSE-576,NSE,576,FLAGGED_MALICIOUS_ENTITY,https://skiworld.in/trade/,skiworld.in/trade,Website,skiworld.in,Phishing_Clone_Website,100,1.0,2025-12 source list,0,,NSE consolidated list based on complaint received from clients,IMMEDIATE_BLOCK_AND_INTERCEPT
NSE-575,NSE,575,FLAGGED_MALICIOUS_ENTITY,http://www.sharesmarket18.com,www.sharesmarket18.com,Website,sharesmarket18.com,Phishing_Clone_Website,100,1.0,2025-12 source list,0,,NSE consolidated list based on complaint received from clients,IMMEDIATE_BLOCK_AND_INTERCEPT
NSE-574,NSE,574,FLAGGED_MALICIOUS_ENTITY,https://t.me/Harsh_Bhagat4,t.me/Harsh_Bhagat4,Telegram,harsh_bhagat4,Deceptive_Telegram_Trading_Channel,100,1.0,2025-12 source list,0,,NSE consolidated list based on complaint received from clients,IMMEDIATE_BLOCK_AND_INTERCEPT
NSE-573,NSE,573,FLAGGED_MALICIOUS_ENTITY,HARSH BHAGAT,HARSH BHAGAT,Telegram,harsh bhagat,Deceptive_Telegram_Trading_Channel,100,1.0,2025-12 source list,0,,NSE consolidated list based on complaint received from clients,IMMEDIATE_BLOCK_AND_INTERCEPT
NSE-572,NSE,572,FLAGGED_MALICIOUS_ENTITY,https://bit.ly/3MGGNkV,bit.ly/3MGGNkV,Website,bit.ly,Phishing_Clone_Website,100,1.0,2025-12 source list,0,,NSE consolidated list based on complaint received from clients,IMMEDIATE_BLOCK_AND_INTERCEPT
NSE-571,NSE,571,FLAGGED_MALICIOUS_ENTITY,https://www.facebook.com/groups/1485929981709062/posts/3225881811047195/,www.facebook.com/groups/1485929981709062/posts/3225881811047195,Facebook,facebook.com,Social_Media_Trading_Impersonator,100,1.0,2025-12 source list,0,,NSE consolidated list based on complaint received from clients,IMMEDIATE_BLOCK_AND_INTERCEPT
NSE-570,NSE,570,FLAGGED_MALICIOUS_ENTITY,https://m.facebook.com/groups/2907533849501722/posts/3904297879825309/,m.facebook.com/groups/2907533849501722/posts/3904297879825309,Facebook,m.facebook.com,Social_Media_Trading_Impersonator,100,1.0,2025-12 source list,0,,NSE consolidated list based on complaint received from clients,IMMEDIATE_BLOCK_AND_INTERCEPT
NSE-569,NSE,569,FLAGGED_MALICIOUS_ENTITY,Master Stroke Official,Master Stroke Official,Telegram,master stroke official,Deceptive_Telegram_Trading_Channel,100,1.0,2025-12 source list,0,,NSE consolidated list based on complaint received from clients,IMMEDIATE_BLOCK_AND_INTERCEPT
NSE-568,NSE,568,FLAGGED_MALICIOUS_ENTITY,https://hybridsolutions.com/downloads/bluemartinlimited11.2.8.exe,hybridsolutions.com/downloads/bluemartinlimited11.2.8.exe,Website,hybridsolutions.com,Phishing_Clone_Website,100,1.0,2025-12 source list,0,,NSE consolidated list based on complaint received from clients,IMMEDIATE_BLOCK_AND_INTERCEPT
NSE-567,NSE,567,FLAGGED_MALICIOUS_ENTITY,https://apps.apple.com/us/app/vertexfx-trader/id1469388395,apps.apple.com/us/app/vertexfx-trader/id1469388395,Mobile_App,apps.apple.com,Fake_Stock_Broker_Clone_App,100,1.0,2025-12 source list,0,,NSE consolidated list based on complaint received from clients,IMMEDIATE_BLOCK_AND_INTERCEPT
NSE-566,NSE,566,FLAGGED_MALICIOUS_ENTITY,https://hybridsolutions.com/downloads/VertexFXTraderLite_1.7.apk,hybridsolutions.com/downloads/VertexFXTraderLite_1.7.apk,Android_APK,hybridsolutions.com,Malicious_APK_Download,100,1.0,2025-12 source list,0,,NSE consolidated list based on complaint received from clients,IMMEDIATE_BLOCK_AND_INTERCEPT
NSE-565,NSE,565,FLAGGED_MALICIOUS_ENTITY,https://bluerock.live/BlueRock_1.1.apk,bluerock.live/BlueRock_1.1.apk,Android_APK,bluerock.live,Malicious_APK_Download,100,1.0,2025-12 source list,0,,NSE consolidated list based on complaint received from clients,IMMEDIATE_BLOCK_AND_INTERCEPT
NSE-564,NSE,564,FLAGGED_MALICIOUS_ENTITY,http://app.bluerock.live,app.bluerock.live,Website,app.bluerock.live,Phishing_Clone_Website,100,1.0,2025-12 source list,0,,NSE consolidated list based on complaint received from clients,IMMEDIATE_BLOCK_AND_INTERCEPT
NSE-563,NSE,563,FLAGGED_MALICIOUS_ENTITY,https://bluerock.live,bluerock.live,Website,bluerock.live,Phishing_Clone_Website,100,1.0,2025-12 source list,0,,NSE consolidated list based on complaint received from clients,IMMEDIATE_BLOCK_AND_INTERCEPT
NSE-562,NSE,562,FLAGGED_MALICIOUS_ENTITY,Grow,Grow,Mobile_App,grow,Fake_Stock_Broker_Clone_App,100,1.0,2025-12 source list,0,,NSE consolidated list based on complaint received from clients,IMMEDIATE_BLOCK_AND_INTERCEPT
NSE-561,NSE,561,FLAGGED_MALICIOUS_ENTITY,https://chat.whatsapp.com/GbcG9CtBJgn700D220SwDT,chat.whatsapp.com/GbcG9CtBJgn700D220SwDT,WhatsApp,chat.whatsapp.com,Private_Pump_and_Dump_Group,100,1.0,2025-12 source list,0,,NSE consolidated list based on complaint received from clients,IMMEDIATE_BLOCK_AND_INTERCEPT
NSE-560,NSE,560,FLAGGED_MALICIOUS_ENTITY,https://ryochain.net/#/pages/reg/index?invite_code=55574387,ryochain.net/#/pages/reg/index?invite_code=55574387,Website,ryochain.net,Phishing_Clone_Website,100,1.0,2025-12 source list,0,,NSE consolidated list based on complaint received from clients,IMMEDIATE_BLOCK_AND_INTERCEPT
NSE-559,NSE,559,FLAGGED_MALICIOUS_ENTITY,https://www.nirmalinttgb.com/h5/#/start,www.nirmalinttgb.com/h5/#/start,Website,nirmalinttgb.com,Phishing_Clone_Website,100,1.0,2025-12 source list,0,,NSE consolidated list based on complaint received from clients,IMMEDIATE_BLOCK_AND_INTERCEPT
NSE-558,NSE,558,FLAGGED_MALICIOUS_ENTITY,Asampro,Asampro,Mobile_App,asampro,Fake_Stock_Broker_Clone_App,100,1.0,2025-12 source list,0,,NSE consolidated list based on complaint received from clients,IMMEDIATE_BLOCK_AND_INTERCEPT
NSE-557,NSE,557,FLAGGED_MALICIOUS_ENTITY,S&W AUBREY,S&W AUBREY,Mobile_App,s&w aubrey,Fake_Stock_Broker_Clone_App,100,1.0,2025-12 source list,0,,NSE consolidated list based on complaint received from clients,IMMEDIATE_BLOCK_AND_INTERCEPT
NSE-556,NSE,556,FLAGGED_MALICIOUS_ENTITY,https://h5.aubrey66.com/,h5.aubrey66.com,Website,h5.aubrey66.com,Phishing_Clone_Website,100,1.0,2025-12 source list,0,,NSE consolidated list based on complaint received from clients,IMMEDIATE_BLOCK_AND_INTERCEPT
NSE-555,NSE,555,FLAGGED_MALICIOUS_ENTITY,https://play.google.com/store/apps/details?id=com.bdallexam.sscresult,play.google.com/store/apps/details?id=com.bdallexam.sscresult,Mobile_App,play.google.com,Fake_Stock_Broker_Clone_App,100,1.0,2025-12 source list,0,,NSE consolidated list based on complaint received from clients,IMMEDIATE_BLOCK_AND_INTERCEPT
NSE-554,NSE,554,FLAGGED_MALICIOUS_ENTITY,download.satcomartin.vip,download.satcomartin.vip,Website,download.satcomartin.vip,Phishing_Clone_Website,100,1.0,2025-12 source list,0,,NSE consolidated list based on complaint received from clients,IMMEDIATE_BLOCK_AND_INTERCEPT
NSE-553,NSE,553,FLAGGED_MALICIOUS_ENTITY,satcomartin.vip,satcomartin.vip,Website,satcomartin.vip,Phishing_Clone_Website,100,1.0,2025-12 source list,0,,NSE consolidated list based on complaint received from clients,IMMEDIATE_BLOCK_AND_INTERCEPT
NSE-552,NSE,552,FLAGGED_MALICIOUS_ENTITY,https://www.satcomartin.com/,www.satcomartin.com,Website,satcomartin.com,Phishing_Clone_Website,100,1.0,2025-12 source list,0,,NSE consolidated list based on complaint received from clients,IMMEDIATE_BLOCK_AND_INTERCEPT
NSE-551,NSE,551,FLAGGED_MALICIOUS_ENTITY,AWRIGAFIN,AWRIGAFIN,Mobile_App,awrigafin,Fake_Stock_Broker_Clone_App,100,1.0,2025-12 source list,0,,NSE consolidated list based on complaint received from clients,IMMEDIATE_BLOCK_AND_INTERCEPT
NSE-550,NSE,550,FLAGGED_MALICIOUS_ENTITY,https://trade.finbridgecap.com/alogin/,trade.finbridgecap.com/alogin,Website,trade.finbridgecap.com,Phishing_Clone_Website,100,1.0,2025-12 source list,0,,NSE consolidated list based on complaint received from clients,IMMEDIATE_BLOCK_AND_INTERCEPT
NSE-549,NSE,549,FLAGGED_MALICIOUS_ENTITY,AuroraMax,AuroraMax,Mobile_App,auroramax,Fake_Stock_Broker_Clone_App,100,1.0,2025-12 source list,0,,NSE consolidated list based on complaint received from clients,IMMEDIATE_BLOCK_AND_INTERCEPT
NSE-548,NSE,548,FLAGGED_MALICIOUS_ENTITY,Techstars Pro,Techstars Pro,Mobile_App,techstars pro,Fake_Stock_Broker_Clone_App,100,1.0,2025-12 source list,0,,NSE consolidated list based on complaint received from clients,IMMEDIATE_BLOCK_AND_INTERCEPT
NSE-547,NSE,547,FLAGGED_MALICIOUS_ENTITY,MetaTrader,MetaTrader,Mobile_App,metatrader,Fake_Stock_Broker_Clone_App,100,1.0,2025-12 source list,0,,NSE consolidated list based on complaint received from clients,IMMEDIATE_BLOCK_AND_INTERCEPT
NSE-546,NSE,546,FLAGGED_MALICIOUS_ENTITY,https://bullbear.live,bullbear.live,Website,bullbear.live,Phishing_Clone_Website,100,1.0,2025-12 source list,0,,NSE consolidated list based on complaint received from clients,IMMEDIATE_BLOCK_AND_INTERCEPT
NSE-545,NSE,545,FLAGGED_MALICIOUS_ENTITY,http://admin.theindicator.in/user/index,admin.theindicator.in/user/index,Website,admin.theindicator.in,Phishing_Clone_Website,100,1.0,2025-12 source list,0,,NSE consolidated list based on complaint received from clients,IMMEDIATE_BLOCK_AND_INTERCEPT
RBI-RBI-AR-2025-26-1,RBI,RBI-AR-2025-26-1,REGULATORY_AGGREGATE_FRAUD,Digital payments (card/internet),Digital payments (card/internet),Regulatory_Report,digital payments (card,Banking_Fraud_Macro_Statistic,80,0.0,2024-25,0,Fraud category predominant by number,Aggregate regulatory statistic; not a row-level fraud classification,APPLY_ENHANCED_DUE_DILIGENCE
RBI-RBI-AR-2025-26-2,RBI,RBI-AR-2025-26-2,REGULATORY_AGGREGATE_FRAUD,Loans/advances,Loans/advances,Regulatory_Report,loans,Banking_Fraud_Macro_Statistic,80,0.0,2024-25,0,Fraud category predominant by value,Aggregate regulatory statistic; not a row-level fraud classification,APPLY_ENHANCED_DUE_DILIGENCE
RBI-RBI-AR-2025-26-3,RBI,RBI-AR-2025-26-3,REGULATORY_AGGREGATE_FRAUD,Total banking frauds,Total banking frauds,Regulatory_Report,total banking frauds,Banking_Fraud_Macro_Statistic,80,0.0,2024-25,18674.0,"Amount involved increased; RBI notes reclassification of 122 cases amounting to ₹18,674 crore",Aggregate regulatory statistic; not a row-level fraud classification,APPLY_ENHANCED_DUE_DILIGENCE
SEBI-SEBI-INVESTOR-SURVEY-2025-1,SEBI,SEBI-INVESTOR-SURVEY-2025-1,INVESTOR_DEMOGRAPHIC_METRIC,Overall securities market products,Overall securities market products,Investor_Survey,overall securities market products,Retail_Investor_Risk_Baseline,30,0.0,Investor Survey 2025,0,"Male households 11%, Female households 7%, Gen Z 9%, Millennials 11%, Gen X 8%, Silver Gen 6%",Survey aggregate; not a fraud/non-fraud label,ENFORCE_CAPITAL_PRESERVATION_SAFEGUARDS
SEBI-SEBI-INVESTOR-SURVEY-2025-2,SEBI,SEBI-INVESTOR-SURVEY-2025-2,INVESTOR_DEMOGRAPHIC_METRIC,Mutual Funds/Exchange Traded Funds,Mutual Funds/Exchange Traded Funds,Investor_Survey,mutual funds,Retail_Investor_Risk_Baseline,30,0.0,Investor Survey 2025,0,"Male 8%, Female 5%, Gen Z 6%, Millennials 8%, Gen X 6%, Silver Gen 4%",Survey aggregate; not a fraud/non-fraud label,ENFORCE_CAPITAL_PRESERVATION_SAFEGUARDS
SEBI-SEBI-INVESTOR-SURVEY-2025-3,SEBI,SEBI-INVESTOR-SURVEY-2025-3,INVESTOR_DEMOGRAPHIC_METRIC,Stocks/Shares,Stocks/Shares,Investor_Survey,stocks,Retail_Investor_Risk_Baseline,30,0.0,Investor Survey 2025,0,"Male 6%, Female 3%, Gen Z 5%, Millennials 6%, Gen X 4%, Silver Gen 3%",Survey aggregate; not a fraud/non-fraud label,ENFORCE_CAPITAL_PRESERVATION_SAFEGUARDS
SEBI-SEBI-INVESTOR-SURVEY-2025-4,SEBI,SEBI-INVESTOR-SURVEY-2025-4,INVESTOR_DEMOGRAPHIC_METRIC,Silver Generation risk preference,Silver Generation risk preference,Investor_Survey,silver generation risk preference,Retail_Investor_Risk_Baseline,30,0.0,Investor Survey 2025,0,85% prioritize capital safety,Survey aggregate; not a fraud/non-fraud label,ENFORCE_CAPITAL_PRESERVATION_SAFEGUARDS
SEBI-SEBI-INVESTOR-SURVEY-2025-5,SEBI,SEBI-INVESTOR-SURVEY-2025-5,INVESTOR_DEMOGRAPHIC_METRIC,Gender risk preference,Gender risk preference,Investor_Survey,gender risk preference,Retail_Investor_Risk_Baseline,30,0.0,Investor Survey 2025,0,82% women prefer low-risk investments vs 78% men,Survey aggregate; not a fraud/non-fraud label,ENFORCE_CAPITAL_PRESERVATION_SAFEGUARDS