source,source_record_id,record_type,entity,entity_type,date_or_period,amount,text_or_description,target_label,label_basis,raw_source,notes
NSE,817,fake_link_app_website,t.me/SmartTradeSoftware,Telegram,2025-12 source list,,,1.0,NSE consolidated list based on complaint received from clients,NSE,"Flagged by NSE source list; label is source-derived, not independently adjudicated fraud."
NSE,816,fake_link_app_website,https://t.me/+49JIiijh4kNhMDRl,Telegram,2025-12 source list,,,1.0,NSE consolidated list based on complaint received from clients,NSE,"Flagged by NSE source list; label is source-derived, not independently adjudicated fraud."
NSE,815,fake_link_app_website,https://www.youtube.com/@TheNextGenTrading,YouTube,2025-12 source list,,,1.0,NSE consolidated list based on complaint received from clients,NSE,"Flagged by NSE source list; label is source-derived, not independently adjudicated fraud."
NSE,814,fake_link_app_website,https://www.youtube.com/@DailySureProfit,YouTube,2025-12 source list,,,1.0,NSE consolidated list based on complaint received from clients,NSE,"Flagged by NSE source list; label is source-derived, not independently adjudicated fraud."
NSE,813,fake_link_app_website,https://www.youtube.com/@bankn_iftyexpert,YouTube,2025-12 source list,,,1.0,NSE consolidated list based on complaint received from clients,NSE,"Flagged by NSE source list; label is source-derived, not independently adjudicated fraud."
NSE,812,fake_link_app_website,https://lkjhgfdsadad.com,Website,2025-12 source list,,,1.0,NSE consolidated list based on complaint received from clients,NSE,"Flagged by NSE source list; label is source-derived, not independently adjudicated fraud."
NSE,811,fake_link_app_website,http://m.amansacaptial.co/,Website,2025-12 source list,,,1.0,NSE consolidated list based on complaint received from clients,NSE,"Flagged by NSE source list; label is source-derived, not independently adjudicated fraud."
NSE,810,fake_link_app_website,Etrade,Application,2025-12 source list,,,1.0,NSE consolidated list based on complaint received from clients,NSE,"Flagged by NSE source list; label is source-derived, not independently adjudicated fraud."
NSE,809,fake_link_app_website,Varanium Trading App,Application,2025-12 source list,,,1.0,NSE consolidated list based on complaint received from clients,NSE,"Flagged by NSE source list; label is source-derived, not independently adjudicated fraud."
NSE,808,fake_link_app_website,CRTrade,Application,2025-12 source list,,,1.0,NSE consolidated list based on complaint received from clients,NSE,"Flagged by NSE source list; label is source-derived, not independently adjudicated fraud."
NSE,807,fake_link_app_website,client.nakasolutions.com/v2/dashboard,Website,2025-12 source list,,,1.0,NSE consolidated list based on complaint received from clients,NSE,"Flagged by NSE source list; label is source-derived, not independently adjudicated fraud."
NSE,806,fake_link_app_website,trade.nakasolutions.com/en/profile#,Website,2025-12 source list,,,1.0,NSE consolidated list based on complaint received from clients,NSE,"Flagged by NSE source list; label is source-derived, not independently adjudicated fraud."
NSE,805,fake_link_app_website,https://pmjx.pladadgoogle.org/install.html,Application Link,2025-12 source list,,,1.0,NSE consolidated list based on complaint received from clients,NSE,"Flagged by NSE source list; label is source-derived, not independently adjudicated fraud."
NSE,804,fake_link_app_website,https://www.mofslmaxs.com/,Website,2025-12 source list,,,1.0,NSE consolidated list based on complaint received from clients,NSE,"Flagged by NSE source list; label is source-derived, not independently adjudicated fraud."
NSE,803,fake_link_app_website,Fivepreac,Application,2025-12 source list,,,1.0,NSE consolidated list based on complaint received from clients,NSE,"Flagged by NSE source list; label is source-derived, not independently adjudicated fraud."
NSE,802,fake_link_app_website,https://www.youtube.com/@profittrading999,YouTube Link,2025-12 source list,,,1.0,NSE consolidated list based on complaint received from clients,NSE,"Flagged by NSE source list; label is source-derived, not independently adjudicated fraud."
NSE,801,fake_link_app_website,https://t.me/traderoomofficial2025,Telegram Link,2025-12 source list,,,1.0,NSE consolidated list based on complaint received from clients,NSE,"Flagged by NSE source list; label is source-derived, not independently adjudicated fraud."
NSE,800,fake_link_app_website,https://www.youtube.com/@TRADEROOMOFFICIAL-m2l6w,YouTube Link,2025-12 source list,,,1.0,NSE consolidated list based on complaint received from clients,NSE,"Flagged by NSE source list; label is source-derived, not independently adjudicated fraud."
NSE,799,fake_link_app_website,https://profitmaximizers.site/,Website,2025-12 source list,,,1.0,NSE consolidated list based on complaint received from clients,NSE,"Flagged by NSE source list; label is source-derived, not independently adjudicated fraud."
NSE,798,fake_link_app_website,https://t.me/Profitmaximizeer,Telegram Link,2025-12 source list,,,1.0,NSE consolidated list based on complaint received from clients,NSE,"Flagged by NSE source list; label is source-derived, not independently adjudicated fraud."
NSE,797,fake_link_app_website,https://www.youtube.com/@ProfitMaximizers,YouTube Link,2025-12 source list,,,1.0,NSE consolidated list based on complaint received from clients,NSE,"Flagged by NSE source list; label is source-derived, not independently adjudicated fraud."
NSE,796,fake_link_app_website,Trademind,Application,2025-12 source list,,,1.0,NSE consolidated list based on complaint received from clients,NSE,"Flagged by NSE source list; label is source-derived, not independently adjudicated fraud."
NSE,795,fake_link_app_website,https://www.facebook.com/profile.php?id=61579676091850,Facebook Link,2025-12 source list,,,1.0,NSE consolidated list based on complaint received from clients,NSE,"Flagged by NSE source list; label is source-derived, not independently adjudicated fraud."
NSE,794,fake_link_app_website,FinAAult,Application,2025-12 source list,,,1.0,NSE consolidated list based on complaint received from clients,NSE,"Flagged by NSE source list; label is source-derived, not independently adjudicated fraud."
NSE,793,fake_link_app_website,https://play.google.com/store/apps/details?id=com.ogt.nomuinsec&referrer=google_play,Application,2025-12 source list,,,1.0,NSE consolidated list based on complaint received from clients,NSE,"Flagged by NSE source list; label is source-derived, not independently adjudicated fraud."
NSE,792,fake_link_app_website,https://h5.nominmax.cc/,Application,2025-12 source list,,,1.0,NSE consolidated list based on complaint received from clients,NSE,"Flagged by NSE source list; label is source-derived, not independently adjudicated fraud."
NSE,791,fake_link_app_website,nomuinsec,Application,2025-12 source list,,,1.0,NSE consolidated list based on complaint received from clients,NSE,"Flagged by NSE source list; label is source-derived, not independently adjudicated fraud."
NSE,790,fake_link_app_website,nomurux,Application,2025-12 source list,,,1.0,NSE consolidated list based on complaint received from clients,NSE,"Flagged by NSE source list; label is source-derived, not independently adjudicated fraud."
NSE,789,fake_link_app_website,nompormax,Application,2025-12 source list,,,1.0,NSE consolidated list based on complaint received from clients,NSE,"Flagged by NSE source list; label is source-derived, not independently adjudicated fraud."
NSE,788,fake_link_app_website,https://play.google.com/store/apps/details?id=com.modmaid.modma&pli=1,Application,2025-12 source list,,,1.0,NSE consolidated list based on complaint received from clients,NSE,"Flagged by NSE source list; label is source-derived, not independently adjudicated fraud."
NSE,787,fake_link_app_website,Motilal Oswal QIB,Application,2025-12 source list,,,1.0,NSE consolidated list based on complaint received from clients,NSE,"Flagged by NSE source list; label is source-derived, not independently adjudicated fraud."
NSE,786,fake_link_app_website,MODMA,Application,2025-12 source list,,,1.0,NSE consolidated list based on complaint received from clients,NSE,"Flagged by NSE source list; label is source-derived, not independently adjudicated fraud."
NSE,785,fake_link_app_website,@xxaa25691bot,Telegram Handle,2025-12 source list,,,1.0,NSE consolidated list based on complaint received from clients,NSE,"Flagged by NSE source list; label is source-derived, not independently adjudicated fraud."
NSE,784,fake_link_app_website,[Google-VIP_GDRT87],Telegram Channel,2025-12 source list,,,1.0,NSE consolidated list based on complaint received from clients,NSE,"Flagged by NSE source list; label is source-derived, not independently adjudicated fraud."
NSE,783,fake_link_app_website,https://superprofile.bio/ps/68122bcc4f654b0013062e15,Website,2025-12 source list,,,1.0,NSE consolidated list based on complaint received from clients,NSE,"Flagged by NSE source list; label is source-derived, not independently adjudicated fraud."
NSE,782,fake_link_app_website,https://superprofile.bio/ps/68122be24d83600013cfb214,Website,2025-12 source list,,,1.0,NSE consolidated list based on complaint received from clients,NSE,"Flagged by NSE source list; label is source-derived, not independently adjudicated fraud."
NSE,781,fake_link_app_website,https://t.me/index_learning_earning,Telegram,2025-12 source list,,,1.0,NSE consolidated list based on complaint received from clients,NSE,"Flagged by NSE source list; label is source-derived, not independently adjudicated fraud."
NSE,780,fake_link_app_website,https://superprofile.bio/store/indexlearn/transactions,Website,2025-12 source list,,,1.0,NSE consolidated list based on complaint received from clients,NSE,"Flagged by NSE source list; label is source-derived, not independently adjudicated fraud."
NSE,779,fake_link_app_website,https://superprofile.bio/vp/67ceb5322cfd45001386e1cb,Website,2025-12 source list,,,1.0,NSE consolidated list based on complaint received from clients,NSE,"Flagged by NSE source list; label is source-derived, not independently adjudicated fraud."
NSE,778,fake_link_app_website,https://superprofile.bio/vp/67c6b89316fdb800138aacc6,Website,2025-12 source list,,,1.0,NSE consolidated list based on complaint received from clients,NSE,"Flagged by NSE source list; label is source-derived, not independently adjudicated fraud."
NSE,777,fake_link_app_website,https://in.insamco.cc/pages/market/index,Website,2025-12 source list,,,1.0,NSE consolidated list based on complaint received from clients,NSE,"Flagged by NSE source list; label is source-derived, not independently adjudicated fraud."
NSE,776,fake_link_app_website,https://god.mall2024tn.com/#/pages/quotes/index,Web Link,2025-12 source list,,,1.0,NSE consolidated list based on complaint received from clients,NSE,"Flagged by NSE source list; label is source-derived, not independently adjudicated fraud."
NSE,775,fake_link_app_website,https://new1-stock-india-cdn.obs.ap-southeast-3.myhuaweicloud.com/app/MODMA.apk,App Link,2025-12 source list,,,1.0,NSE consolidated list based on complaint received from clients,NSE,"Flagged by NSE source list; label is source-derived, not independently adjudicated fraud."
NSE,773,fake_link_app_website,PREMJIEX,Application,2025-12 source list,,,1.0,NSE consolidated list based on complaint received from clients,NSE,"Flagged by NSE source list; label is source-derived, not independently adjudicated fraud."
NSE,772,fake_link_app_website,PREMJI INVESTMENT,Application,2025-12 source list,,,1.0,NSE consolidated list based on complaint received from clients,NSE,"Flagged by NSE source list; label is source-derived, not independently adjudicated fraud."
NSE,771,fake_link_app_website,https://stocks.nuwama-pro.com/#/orderlist,Web Link,2025-12 source list,,,1.0,NSE consolidated list based on complaint received from clients,NSE,"Flagged by NSE source list; label is source-derived, not independently adjudicated fraud."
NSE,770,fake_link_app_website,https://mstock.premieron.com/login,Web Link,2025-12 source list,,,1.0,NSE consolidated list based on complaint received from clients,NSE,"Flagged by NSE source list; label is source-derived, not independently adjudicated fraud."
NSE,769,fake_link_app_website,https://federetodhaemesx.com,Web Link,2025-12 source list,,,1.0,NSE consolidated list based on complaint received from clients,NSE,"Flagged by NSE source list; label is source-derived, not independently adjudicated fraud."
NSE,768,fake_link_app_website,Stock Research 360,Telegram Channel,2025-12 source list,,,1.0,NSE consolidated list based on complaint received from clients,NSE,"Flagged by NSE source list; label is source-derived, not independently adjudicated fraud."
NSE,767,fake_link_app_website,https://www.alice-app2.com/,App Link,2025-12 source list,,,1.0,NSE consolidated list based on complaint received from clients,NSE,"Flagged by NSE source list; label is source-derived, not independently adjudicated fraud."
NSE,766,fake_link_app_website,trade.finbridgecapitals.org/en,Web Link,2025-12 source list,,,1.0,NSE consolidated list based on complaint received from clients,NSE,"Flagged by NSE source list; label is source-derived, not independently adjudicated fraud."
NSE,765,fake_link_app_website,https://centrumhnidownload.com/down/S4CuF1ane,Web Link,2025-12 source list,,,1.0,NSE consolidated list based on complaint received from clients,NSE,"Flagged by NSE source list; label is source-derived, not independently adjudicated fraud."
NSE,764,fake_link_app_website,NUHNW,Application,2025-12 source list,,,1.0,NSE consolidated list based on complaint received from clients,NSE,"Flagged by NSE source list; label is source-derived, not independently adjudicated fraud."
NSE,763,fake_link_app_website,https://www.paytm-qib.com/,Website,2025-12 source list,,,1.0,NSE consolidated list based on complaint received from clients,NSE,"Flagged by NSE source list; label is source-derived, not independently adjudicated fraud."
NSE,762,fake_link_app_website,crmf@canararobeco.vip,Social Media Channel,2025-12 source list,,,1.0,NSE consolidated list based on complaint received from clients,NSE,"Flagged by NSE source list; label is source-derived, not independently adjudicated fraud."
NSE,761,fake_link_app_website,https://www.crmf-pms.cc/dashboard,Website,2025-12 source list,,,1.0,NSE consolidated list based on complaint received from clients,NSE,"Flagged by NSE source list; label is source-derived, not independently adjudicated fraud."
NSE,760,fake_link_app_website,Samco Capital India,Application,2025-12 source list,,,1.0,NSE consolidated list based on complaint received from clients,NSE,"Flagged by NSE source list; label is source-derived, not independently adjudicated fraud."
NSE,759,fake_link_app_website,nakamichi.soluation.in,Website,2025-12 source list,,,1.0,NSE consolidated list based on complaint received from clients,NSE,"Flagged by NSE source list; label is source-derived, not independently adjudicated fraud."
NSE,758,fake_link_app_website,IFEXCAPITAL,Application,2025-12 source list,,,1.0,NSE consolidated list based on complaint received from clients,NSE,"Flagged by NSE source list; label is source-derived, not independently adjudicated fraud."
NSE,757,fake_link_app_website,https://new1-stock-india-cdn.obs.ap-southeast-3.myhuaweicloud.com/app/MODMA.apk,App Link,2025-12 source list,,,1.0,NSE consolidated list based on complaint received from clients,NSE,"Flagged by NSE source list; label is source-derived, not independently adjudicated fraud."
NSE,756,fake_link_app_website,https://play.google.com/store/apps/details?id=com.modmaid.modma,App Link,2025-12 source list,,,1.0,NSE consolidated list based on complaint received from clients,NSE,"Flagged by NSE source list; label is source-derived, not independently adjudicated fraud."
NSE,755,fake_link_app_website,https://play.google.com/store/apps/details?id=com.lwa.nomurux&referrer=google_play,App Link,2025-12 source list,,,1.0,NSE consolidated list based on complaint received from clients,NSE,"Flagged by NSE source list; label is source-derived, not independently adjudicated fraud."
NSE,754,fake_link_app_website,Bharat Vaultix,Application,2025-12 source list,,,1.0,NSE consolidated list based on complaint received from clients,NSE,"Flagged by NSE source list; label is source-derived, not independently adjudicated fraud."
NSE,753,fake_link_app_website,Pureinsightspace,Youtube Channel,2025-12 source list,,,1.0,NSE consolidated list based on complaint received from clients,NSE,"Flagged by NSE source list; label is source-derived, not independently adjudicated fraud."
NSE,752,fake_link_app_website,https://tradefuture.live/login,Website,2025-12 source list,,,1.0,NSE consolidated list based on complaint received from clients,NSE,"Flagged by NSE source list; label is source-derived, not independently adjudicated fraud."
NSE,751,fake_link_app_website,https://bit.ly/4kLs9sp,App Link,2025-12 source list,,,1.0,NSE consolidated list based on complaint received from clients,NSE,"Flagged by NSE source list; label is source-derived, not independently adjudicated fraud."
NSE,750,fake_link_app_website,https://whatsapp.com/channel/0029VbAk050IHphNMTN1Fk33,Whatsapp Channel,2025-12 source list,,,1.0,NSE consolidated list based on complaint received from clients,NSE,"Flagged by NSE source list; label is source-derived, not independently adjudicated fraud."
NSE,749,fake_link_app_website,Tradefuture01,Telegram Channel,2025-12 source list,,,1.0,NSE consolidated list based on complaint received from clients,NSE,"Flagged by NSE source list; label is source-derived, not independently adjudicated fraud."
NSE,748,fake_link_app_website,https://www.youtube.com/@anurag_trads,Youtube Channel,2025-12 source list,,,1.0,NSE consolidated list based on complaint received from clients,NSE,"Flagged by NSE source list; label is source-derived, not independently adjudicated fraud."
NSE,747,fake_link_app_website,m.intraday8.com/login,Web Link,2025-12 source list,,,1.0,NSE consolidated list based on complaint received from clients,NSE,"Flagged by NSE source list; label is source-derived, not independently adjudicated fraud."
NSE,746,fake_link_app_website,https://play.google.com/store/apps/details?id=com.intraday.sharesbazzar,App Link,2025-12 source list,,,1.0,NSE consolidated list based on complaint received from clients,NSE,"Flagged by NSE source list; label is source-derived, not independently adjudicated fraud."
NSE,745,fake_link_app_website,intraday8official,Instagram Channel,2025-12 source list,,,1.0,NSE consolidated list based on complaint received from clients,NSE,"Flagged by NSE source list; label is source-derived, not independently adjudicated fraud."
NSE,744,fake_link_app_website,Intraday8,Facebook Page,2025-12 source list,,,1.0,NSE consolidated list based on complaint received from clients,NSE,"Flagged by NSE source list; label is source-derived, not independently adjudicated fraud."
NSE,743,fake_link_app_website,https://www.facebook.com/profile.php?id=61579644183179,Facebook Link,2025-12 source list,,,1.0,NSE consolidated list based on complaint received from clients,NSE,"Flagged by NSE source list; label is source-derived, not independently adjudicated fraud."
NSE,742,fake_link_app_website,https://www.facebook.com/Intraday8,Facebook Link,2025-12 source list,,,1.0,NSE consolidated list based on complaint received from clients,NSE,"Flagged by NSE source list; label is source-derived, not independently adjudicated fraud."
NSE,741,fake_link_app_website,https://www.facebook.com/share/g/18cUXxD2eX/,Facebook Link,2025-12 source list,,,1.0,NSE consolidated list based on complaint received from clients,NSE,"Flagged by NSE source list; label is source-derived, not independently adjudicated fraud."
NSE,740,fake_link_app_website,www.youtube.com/@b.udayakumarb.udayakumar2603,YouTube Link,2025-12 source list,,,1.0,NSE consolidated list based on complaint received from clients,NSE,"Flagged by NSE source list; label is source-derived, not independently adjudicated fraud."
NSE,739,fake_link_app_website,https://t.me/+X_TS7VotUM9mMTJl,Telegram Link,2025-12 source list,,,1.0,NSE consolidated list based on complaint received from clients,NSE,"Flagged by NSE source list; label is source-derived, not independently adjudicated fraud."
NSE,738,fake_link_app_website,https://x.com/Udayaku08151754?t=gWIgHqCLdFzRmOk-FzEQVw&s=09,X Web Link,2025-12 source list,,,1.0,NSE consolidated list based on complaint received from clients,NSE,"Flagged by NSE source list; label is source-derived, not independently adjudicated fraud."
NSE,737,fake_link_app_website,https://www.instagram.com/udayakumar8367/,Instagram Link,2025-12 source list,,,1.0,NSE consolidated list based on complaint received from clients,NSE,"Flagged by NSE source list; label is source-derived, not independently adjudicated fraud."
NSE,736,fake_link_app_website,https://nicetrader.life/trade,Web Link,2025-12 source list,,,1.0,NSE consolidated list based on complaint received from clients,NSE,"Flagged by NSE source list; label is source-derived, not independently adjudicated fraud."
NSE,735,fake_link_app_website,https://www.finatraders.com/FinaTrader.apk,Apk Link,2025-12 source list,,,1.0,NSE consolidated list based on complaint received from clients,NSE,"Flagged by NSE source list; label is source-derived, not independently adjudicated fraud."
NSE,734,fake_link_app_website,https://www.fina-traders.com,Web Link,2025-12 source list,,,1.0,NSE consolidated list based on complaint received from clients,NSE,"Flagged by NSE source list; label is source-derived, not independently adjudicated fraud."
NSE,733,fake_link_app_website,The Roamer Brijesh,YouTube Channel,2025-12 source list,,,1.0,NSE consolidated list based on complaint received from clients,NSE,"Flagged by NSE source list; label is source-derived, not independently adjudicated fraud."
NSE,732,fake_link_app_website,https://www.youtube.com/@the_Roamer_brijesh,YouTube Link,2025-12 source list,,,1.0,NSE consolidated list based on complaint received from clients,NSE,"Flagged by NSE source list; label is source-derived, not independently adjudicated fraud."
NSE,731,fake_link_app_website,1356bnstraderi,Instagram Channel,2025-12 source list,,,1.0,NSE consolidated list based on complaint received from clients,NSE,"Flagged by NSE source list; label is source-derived, not independently adjudicated fraud."
NSE,730,fake_link_app_website,https://www.youtube.com/@Tradekaro.official,YouTube Link,2025-12 source list,,,1.0,NSE consolidated list based on complaint received from clients,NSE,"Flagged by NSE source list; label is source-derived, not independently adjudicated fraud."
NSE,729,fake_link_app_website,https://www.instagram.com/tradekaro.official,Instagram Link,2025-12 source list,,,1.0,NSE consolidated list based on complaint received from clients,NSE,"Flagged by NSE source list; label is source-derived, not independently adjudicated fraud."
NSE,728,fake_link_app_website,https://web.theplatformapi.com/,Web Link,2025-12 source list,,,1.0,NSE consolidated list based on complaint received from clients,NSE,"Flagged by NSE source list; label is source-derived, not independently adjudicated fraud."
NSE,727,fake_link_app_website,https://tradekaropay.com,Web Link,2025-12 source list,,,1.0,NSE consolidated list based on complaint received from clients,NSE,"Flagged by NSE source list; label is source-derived, not independently adjudicated fraud."
NSE,726,fake_link_app_website,https://play.google.com/store/apps/details?id=com.tradekaro.tradekaro&hl=en,App Link,2025-12 source list,,,1.0,NSE consolidated list based on complaint received from clients,NSE,"Flagged by NSE source list; label is source-derived, not independently adjudicated fraud."
NSE,725,fake_link_app_website,https://apps.apple.com/ae/app/trade-karo/id6736365574,App Link,2025-12 source list,,,1.0,NSE consolidated list based on complaint received from clients,NSE,"Flagged by NSE source list; label is source-derived, not independently adjudicated fraud."
NSE,724,fake_link_app_website,https://theplatformapi.com/setup/tradekaro.exe,App Link,2025-12 source list,,,1.0,NSE consolidated list based on complaint received from clients,NSE,"Flagged by NSE source list; label is source-derived, not independently adjudicated fraud."
NSE,723,fake_link_app_website,http://tradeontime.club/trade/,Web Link,2025-12 source list,,,1.0,NSE consolidated list based on complaint received from clients,NSE,"Flagged by NSE source list; label is source-derived, not independently adjudicated fraud."
NSE,722,fake_link_app_website,https://tradeontime.club/tradeontime.club.apk,App Link,2025-12 source list,,,1.0,NSE consolidated list based on complaint received from clients,NSE,"Flagged by NSE source list; label is source-derived, not independently adjudicated fraud."
NSE,721,fake_link_app_website,https://tradeontime.trade/tot.apk,App Link,2025-12 source list,,,1.0,NSE consolidated list based on complaint received from clients,NSE,"Flagged by NSE source list; label is source-derived, not independently adjudicated fraud."
NSE,720,fake_link_app_website,trade_on_time01,Instagram Channel,2025-12 source list,,,1.0,NSE consolidated list based on complaint received from clients,NSE,"Flagged by NSE source list; label is source-derived, not independently adjudicated fraud."
NSE,719,fake_link_app_website,@sareen_trader,Instagram Channel,2025-12 source list,,,1.0,NSE consolidated list based on complaint received from clients,NSE,"Flagged by NSE source list; label is source-derived, not independently adjudicated fraud."
NSE,718,fake_link_app_website,https://www.youtube.com/@SareenTrader,YouTube Link,2025-12 source list,,,1.0,NSE consolidated list based on complaint received from clients,NSE,"Flagged by NSE source list; label is source-derived, not independently adjudicated fraud."
NSE,717,fake_link_app_website,https://play.google.com/store/apps/details?id=com.finwavepro.akinbamideletapp,App Link,2025-12 source list,,,1.0,NSE consolidated list based on complaint received from clients,NSE,"Flagged by NSE source list; label is source-derived, not independently adjudicated fraud."
NSE,716,fake_link_app_website,RACPMTA,App Name,2025-12 source list,,,1.0,NSE consolidated list based on complaint received from clients,NSE,"Flagged by NSE source list; label is source-derived, not independently adjudicated fraud."
NSE,714,fake_link_app_website,Nifty Guru,YouTube Channel,2025-12 source list,,,1.0,NSE consolidated list based on complaint received from clients,NSE,"Flagged by NSE source list; label is source-derived, not independently adjudicated fraud."
NSE,713,fake_link_app_website,www.youtube.com/@niftyguru4525,YouTube Link,2025-12 source list,,,1.0,NSE consolidated list based on complaint received from clients,NSE,"Flagged by NSE source list; label is source-derived, not independently adjudicated fraud."
NSE,712,fake_link_app_website,https://youtu.be/RYTwCj_jxwg,YouTube Link,2025-12 source list,,,1.0,NSE consolidated list based on complaint received from clients,NSE,"Flagged by NSE source list; label is source-derived, not independently adjudicated fraud."
NSE,711,fake_link_app_website,https://youtube.com/clip/Ugkx_ZboK_DUX--ZJqRn3rDGswK3jrRnI7QQ,YouTube Link,2025-12 source list,,,1.0,NSE consolidated list based on complaint received from clients,NSE,"Flagged by NSE source list; label is source-derived, not independently adjudicated fraud."
NSE,710,fake_link_app_website,https://youtube.com/clip/UgkxdP_LGuP6kS9fV5QMQMTS_mGdavWe_Ofd,YouTube Link,2025-12 source list,,,1.0,NSE consolidated list based on complaint received from clients,NSE,"Flagged by NSE source list; label is source-derived, not independently adjudicated fraud."
NSE,709,fake_link_app_website,https://youtube.com/clip/UgkxfwUMwsgeUwX6MpIyNEoTsGTzVB5Q_ajY,YouTube Link,2025-12 source list,,,1.0,NSE consolidated list based on complaint received from clients,NSE,"Flagged by NSE source list; label is source-derived, not independently adjudicated fraud."
NSE,708,fake_link_app_website,https://5paisa.en.uptodown.com/android/download,Web Link,2025-12 source list,,,1.0,NSE consolidated list based on complaint received from clients,NSE,"Flagged by NSE source list; label is source-derived, not independently adjudicated fraud."
NSE,707,fake_link_app_website,https://5paisa.en.uptodown.com/android/download,Web Link,2025-12 source list,,,1.0,NSE consolidated list based on complaint received from clients,NSE,"Flagged by NSE source list; label is source-derived, not independently adjudicated fraud."
NSE,706,fake_link_app_website,https://pc.amansacapital.co,Web Link,2025-12 source list,,,1.0,NSE consolidated list based on complaint received from clients,NSE,"Flagged by NSE source list; label is source-derived, not independently adjudicated fraud."
NSE,705,fake_link_app_website,https://m.amansacapital,Web Link,2025-12 source list,,,1.0,NSE consolidated list based on complaint received from clients,NSE,"Flagged by NSE source list; label is source-derived, not independently adjudicated fraud."
NSE,704,fake_link_app_website,https://h5.varaniums.com/#/login,Web Link,2025-12 source list,,,1.0,NSE consolidated list based on complaint received from clients,NSE,"Flagged by NSE source list; label is source-derived, not independently adjudicated fraud."
NSE,703,fake_link_app_website,https://drive.google.com/file/d/1EJH3ejXBAuimDz99UV65vu2NRyI5jzT/view,Web Link,2025-12 source list,,,1.0,NSE consolidated list based on complaint received from clients,NSE,"Flagged by NSE source list; label is source-derived, not independently adjudicated fraud."
NSE,702,fake_link_app_website,360 ONE HNW,App Name,2025-12 source list,,,1.0,NSE consolidated list based on complaint received from clients,NSE,"Flagged by NSE source list; label is source-derived, not independently adjudicated fraud."
NSE,701,fake_link_app_website,http://bit.ly/3FY3IIv,Web Link,2025-12 source list,,,1.0,NSE consolidated list based on complaint received from clients,NSE,"Flagged by NSE source list; label is source-derived, not independently adjudicated fraud."
NSE,700,fake_link_app_website,https://chat.whatsapp.com/EO94WQhplSYDrLTROu0l75,Whatsapp Chat Link,2025-12 source list,,,1.0,NSE consolidated list based on complaint received from clients,NSE,"Flagged by NSE source list; label is source-derived, not independently adjudicated fraud."
NSE,699,fake_link_app_website,https://play.google.com/store/apps/details?id=com.imprinthrrfd.dailyimprint,App Link,2025-12 source list,,,1.0,NSE consolidated list based on complaint received from clients,NSE,"Flagged by NSE source list; label is source-derived, not independently adjudicated fraud."
NSE,698,fake_link_app_website,https://www.mofslmaxs.com/#/home/index,Web Link,2025-12 source list,,,1.0,NSE consolidated list based on complaint received from clients,NSE,"Flagged by NSE source list; label is source-derived, not independently adjudicated fraud."
NSE,697,fake_link_app_website,https://www.utgjv.com/,Web Link,2025-12 source list,,,1.0,NSE consolidated list based on complaint received from clients,NSE,"Flagged by NSE source list; label is source-derived, not independently adjudicated fraud."
NSE,696,fake_link_app_website,https://www.hutsed.com,Web Link,2025-12 source list,,,1.0,NSE consolidated list based on complaint received from clients,NSE,"Flagged by NSE source list; label is source-derived, not independently adjudicated fraud."
NSE,695,fake_link_app_website,Tradgrip.com,Web Link,2025-12 source list,,,1.0,NSE consolidated list based on complaint received from clients,NSE,"Flagged by NSE source list; label is source-derived, not independently adjudicated fraud."
NSE,694,fake_link_app_website,Finwave Pro,App Name,2025-12 source list,,,1.0,NSE consolidated list based on complaint received from clients,NSE,"Flagged by NSE source list; label is source-derived, not independently adjudicated fraud."
NSE,693,fake_link_app_website,https://play.google.com/store/apps/details?id=com.finwavepro.akinbamideletapp,App Link,2025-12 source list,,,1.0,NSE consolidated list based on complaint received from clients,NSE,"Flagged by NSE source list; label is source-derived, not independently adjudicated fraud."
NSE,692,fake_link_app_website,https://drive.google.com/drive/folders/100MclXTTLnRlcYc75eNZuLd1Cv9whTCP,Web Link,2025-12 source list,,,1.0,NSE consolidated list based on complaint received from clients,NSE,"Flagged by NSE source list; label is source-derived, not independently adjudicated fraud."
NSE,691,fake_link_app_website,https://play.google.com/store/apps/details?id=com.finwavepro.akinbamideletapp&hl=en_IN,App Link,2025-12 source list,,,1.0,NSE consolidated list based on complaint received from clients,NSE,"Flagged by NSE source list; label is source-derived, not independently adjudicated fraud."
NSE,690,fake_link_app_website,https://play.google.com/store/apps/details?id=com.finyrainc.akinbamideletapp&hl=en_IN,App Link,2025-12 source list,,,1.0,NSE consolidated list based on complaint received from clients,NSE,"Flagged by NSE source list; label is source-derived, not independently adjudicated fraud."
NSE,689,fake_link_app_website,https://apps.apple.com/hk/app/finwave/id6746405726,App Link,2025-12 source list,,,1.0,NSE consolidated list based on complaint received from clients,NSE,"Flagged by NSE source list; label is source-derived, not independently adjudicated fraud."
NSE,688,fake_link_app_website,https://chat.whatsapp.com/DkpJ2A3viawJTv4pNK1ydG,Web Link,2025-12 source list,,,1.0,NSE consolidated list based on complaint received from clients,NSE,"Flagged by NSE source list; label is source-derived, not independently adjudicated fraud."
NSE,687,fake_link_app_website,Mentor Marvel,Telegram Channel,2025-12 source list,,,1.0,NSE consolidated list based on complaint received from clients,NSE,"Flagged by NSE source list; label is source-derived, not independently adjudicated fraud."
NSE,686,fake_link_app_website,god.beydomainss.com,Web Link,2025-12 source list,,,1.0,NSE consolidated list based on complaint received from clients,NSE,"Flagged by NSE source list; label is source-derived, not independently adjudicated fraud."
NSE,685,fake_link_app_website,https://www.facebook.com/share/p/1B134nxNdJ/,Facebook Link,2025-12 source list,,,1.0,NSE consolidated list based on complaint received from clients,NSE,"Flagged by NSE source list; label is source-derived, not independently adjudicated fraud."
NSE,684,fake_link_app_website,https://tradepower.shop/tradepower.shop.apk,App Link,2025-12 source list,,,1.0,NSE consolidated list based on complaint received from clients,NSE,"Flagged by NSE source list; label is source-derived, not independently adjudicated fraud."
NSE,683,fake_link_app_website,https://tradepower.shop,Web Link,2025-12 source list,,,1.0,NSE consolidated list based on complaint received from clients,NSE,"Flagged by NSE source list; label is source-derived, not independently adjudicated fraud."
NSE,682,fake_link_app_website,https://play.google.com/store/apps/details?id=com.HTTKLine.weds.HTTKLine,App Link,2025-12 source list,,,1.0,NSE consolidated list based on complaint received from clients,NSE,"Flagged by NSE source list; label is source-derived, not independently adjudicated fraud."
NSE,681,fake_link_app_website,https://chat.whatsapp.com/ElBA2zq63knH3Ao9pDgj1W,Whatsapp Link,2025-12 source list,,,1.0,NSE consolidated list based on complaint received from clients,NSE,"Flagged by NSE source list; label is source-derived, not independently adjudicated fraud."
NSE,680,fake_link_app_website,https://wa.me/918298195374,Whatsapp Link,2025-12 source list,,,1.0,NSE consolidated list based on complaint received from clients,NSE,"Flagged by NSE source list; label is source-derived, not independently adjudicated fraud."
NSE,679,fake_link_app_website,www.narayanahealth.org,Web Link,2025-12 source list,,,1.0,NSE consolidated list based on complaint received from clients,NSE,"Flagged by NSE source list; label is source-derived, not independently adjudicated fraud."
NSE,678,fake_link_app_website,https://pc.spreadtdg.com,Web Link,2025-12 source list,,,1.0,NSE consolidated list based on complaint received from clients,NSE,"Flagged by NSE source list; label is source-derived, not independently adjudicated fraud."
NSE,677,fake_link_app_website,https://www.spreagrogp.com,Web Link,2025-12 source list,,,1.0,NSE consolidated list based on complaint received from clients,NSE,"Flagged by NSE source list; label is source-derived, not independently adjudicated fraud."
NSE,676,fake_link_app_website,https://pc.sprecdex.cc/,Web Link,2025-12 source list,,,1.0,NSE consolidated list based on complaint received from clients,NSE,"Flagged by NSE source list; label is source-derived, not independently adjudicated fraud."
NSE,675,fake_link_app_website,https://pc.spreadexmax.com/#/,Web Link,2025-12 source list,,,1.0,NSE consolidated list based on complaint received from clients,NSE,"Flagged by NSE source list; label is source-derived, not independently adjudicated fraud."
NSE,674,fake_link_app_website,@rhushimanewof,X Handle,2025-12 source list,,,1.0,NSE consolidated list based on complaint received from clients,NSE,"Flagged by NSE source list; label is source-derived, not independently adjudicated fraud."
NSE,673,fake_link_app_website,https://x.com/rhushimanewof,X Web Link,2025-12 source list,,,1.0,NSE consolidated list based on complaint received from clients,NSE,"Flagged by NSE source list; label is source-derived, not independently adjudicated fraud."
NSE,672,fake_link_app_website,@manerhushi1,X Handle,2025-12 source list,,,1.0,NSE consolidated list based on complaint received from clients,NSE,"Flagged by NSE source list; label is source-derived, not independently adjudicated fraud."
NSE,671,fake_link_app_website,https://x.com/manerhushi1,X Web Link,2025-12 source list,,,1.0,NSE consolidated list based on complaint received from clients,NSE,"Flagged by NSE source list; label is source-derived, not independently adjudicated fraud."
NSE,670,fake_link_app_website,WOF Premium Group,Telegram Channel,2025-12 source list,,,1.0,NSE consolidated list based on complaint received from clients,NSE,"Flagged by NSE source list; label is source-derived, not independently adjudicated fraud."
NSE,669,fake_link_app_website,WOF Premium Future Trading Group,Telegram Channel,2025-12 source list,,,1.0,NSE consolidated list based on complaint received from clients,NSE,"Flagged by NSE source list; label is source-derived, not independently adjudicated fraud."
NSE,668,fake_link_app_website,WOF Pro Investor Group,Telegram Channel,2025-12 source list,,,1.0,NSE consolidated list based on complaint received from clients,NSE,"Flagged by NSE source list; label is source-derived, not independently adjudicated fraud."
NSE,667,fake_link_app_website,WOF Commodity Trading Group,Telegram Channel,2025-12 source list,,,1.0,NSE consolidated list based on complaint received from clients,NSE,"Flagged by NSE source list; label is source-derived, not independently adjudicated fraud."
NSE,666,fake_link_app_website,https://cosmofeed.com/vig/67793885a2d7d300131ffd15,Web Link,2025-12 source list,,,1.0,NSE consolidated list based on complaint received from clients,NSE,"Flagged by NSE source list; label is source-derived, not independently adjudicated fraud."
NSE,665,fake_link_app_website,https://bazaarfx.com/,Web Link,2025-12 source list,,,1.0,NSE consolidated list based on complaint received from clients,NSE,"Flagged by NSE source list; label is source-derived, not independently adjudicated fraud."
NSE,664,fake_link_app_website,Market Analysis & Calls,Telegram Channel,2025-12 source list,,,1.0,NSE consolidated list based on complaint received from clients,NSE,"Flagged by NSE source list; label is source-derived, not independently adjudicated fraud."
NSE,663,fake_link_app_website,https://t.me/+AjSo5BrhzFQ2Mjdl,Telegram Link,2025-12 source list,,,1.0,NSE consolidated list based on complaint received from clients,NSE,"Flagged by NSE source list; label is source-derived, not independently adjudicated fraud."
NSE,662,fake_link_app_website,https://t.me/bazaarfxofficial,Telegram Link,2025-12 source list,,,1.0,NSE consolidated list based on complaint received from clients,NSE,"Flagged by NSE source list; label is source-derived, not independently adjudicated fraud."
NSE,661,fake_link_app_website,@bazaarFX,YouTube & Instagram Channel,2025-12 source list,,,1.0,NSE consolidated list based on complaint received from clients,NSE,"Flagged by NSE source list; label is source-derived, not independently adjudicated fraud."
NSE,660,fake_link_app_website,BazaarFX,App Name,2025-12 source list,,,1.0,NSE consolidated list based on complaint received from clients,NSE,"Flagged by NSE source list; label is source-derived, not independently adjudicated fraud."
NSE,659,fake_link_app_website,https://www.finoshares.com,Web Link,2025-12 source list,,,1.0,NSE consolidated list based on complaint received from clients,NSE,"Flagged by NSE source list; label is source-derived, not independently adjudicated fraud."
NSE,658,fake_link_app_website,https://t.me/finobulls,Telegram Link,2025-12 source list,,,1.0,NSE consolidated list based on complaint received from clients,NSE,"Flagged by NSE source list; label is source-derived, not independently adjudicated fraud."
NSE,657,fake_link_app_website,https://t.me/finostocks_aarush,Telegram Link,2025-12 source list,,,1.0,NSE consolidated list based on complaint received from clients,NSE,"Flagged by NSE source list; label is source-derived, not independently adjudicated fraud."
NSE,656,fake_link_app_website,https://telegram.openinapp.co/71wvl,Telegram Link,2025-12 source list,,,1.0,NSE consolidated list based on complaint received from clients,NSE,"Flagged by NSE source list; label is source-derived, not independently adjudicated fraud."
NSE,655,fake_link_app_website,https://telegram.me/s/finoshares,Telegram Link,2025-12 source list,,,1.0,NSE consolidated list based on complaint received from clients,NSE,"Flagged by NSE source list; label is source-derived, not independently adjudicated fraud."
NSE,654,fake_link_app_website,yogita_trader_56,Instagram Channel,2025-12 source list,,,1.0,NSE consolidated list based on complaint received from clients,NSE,"Flagged by NSE source list; label is source-derived, not independently adjudicated fraud."
NSE,653,fake_link_app_website,https://www.richwealth.in,Web Link,2025-12 source list,,,1.0,NSE consolidated list based on complaint received from clients,NSE,"Flagged by NSE source list; label is source-derived, not independently adjudicated fraud."
NSE,652,fake_link_app_website,https://www.facebook.com/share/1L6Y4VuaxG/,Facebook Link,2025-12 source list,,,1.0,NSE consolidated list based on complaint received from clients,NSE,"Flagged by NSE source list; label is source-derived, not independently adjudicated fraud."
NSE,651,fake_link_app_website,https://www.instagram.com/richwealth.in,Instagram Link,2025-12 source list,,,1.0,NSE consolidated list based on complaint received from clients,NSE,"Flagged by NSE source list; label is source-derived, not independently adjudicated fraud."
NSE,650,fake_link_app_website,www.closefriendstraders.com,Web Link,2025-12 source list,,,1.0,NSE consolidated list based on complaint received from clients,NSE,"Flagged by NSE source list; label is source-derived, not independently adjudicated fraud."
NSE,649,fake_link_app_website,/dabbatradingmcx,Telegram Link,2025-12 source list,,,1.0,NSE consolidated list based on complaint received from clients,NSE,"Flagged by NSE source list; label is source-derived, not independently adjudicated fraud."
NSE,648,fake_link_app_website,/closefriendstraders YouTube/Instagram,Link,2025-12 source list,,,1.0,NSE consolidated list based on complaint received from clients,NSE,"Flagged by NSE source list; label is source-derived, not independently adjudicated fraud."
NSE,647,fake_link_app_website,Close Friends Traders,Social Media Channel,2025-12 source list,,,1.0,NSE consolidated list based on complaint received from clients,NSE,"Flagged by NSE source list; label is source-derived, not independently adjudicated fraud."
NSE,646,fake_link_app_website,FinYugs Pro 2.0,Telegram Link,2025-12 source list,,,1.0,NSE consolidated list based on complaint received from clients,NSE,"Flagged by NSE source list; label is source-derived, not independently adjudicated fraud."
NSE,645,fake_link_app_website,https://t.me/finyugs,Telegram Channel,2025-12 source list,,,1.0,NSE consolidated list based on complaint received from clients,NSE,"Flagged by NSE source list; label is source-derived, not independently adjudicated fraud."
NSE,644,fake_link_app_website,FinYugs,Social Media Channel,2025-12 source list,,,1.0,NSE consolidated list based on complaint received from clients,NSE,"Flagged by NSE source list; label is source-derived, not independently adjudicated fraud."
NSE,643,fake_link_app_website,@YagneshPuri,X Handle & Web Link,2025-12 source list,,,1.0,NSE consolidated list based on complaint received from clients,NSE,"Flagged by NSE source list; label is source-derived, not independently adjudicated fraud."
NSE,642,fake_link_app_website,https://cosmofeed.com/vig/660c05ebb66cbb0012ea1b52,Web Link,2025-12 source list,,,1.0,NSE consolidated list based on complaint received from clients,NSE,"Flagged by NSE source list; label is source-derived, not independently adjudicated fraud."
NSE,641,fake_link_app_website,www.shahsinvestment.com,Web Link,2025-12 source list,,,1.0,NSE consolidated list based on complaint received from clients,NSE,"Flagged by NSE source list; label is source-derived, not independently adjudicated fraud."
NSE,640,fake_link_app_website,https://www.saif99.com/,Web Link,2025-12 source list,,,1.0,NSE consolidated list based on complaint received from clients,NSE,"Flagged by NSE source list; label is source-derived, not independently adjudicated fraud."
NSE,639,fake_link_app_website,https://m.kopernikglobalcapital.com/register?u=88903615,Web Link,2025-12 source list,,,1.0,NSE consolidated list based on complaint received from clients,NSE,"Flagged by NSE source list; label is source-derived, not independently adjudicated fraud."
NSE,638,fake_link_app_website,Pushkar Raj Thakur,Telegram Channel,2025-12 source list,,,1.0,NSE consolidated list based on complaint received from clients,NSE,"Flagged by NSE source list; label is source-derived, not independently adjudicated fraud."
NSE,637,fake_link_app_website,trade.finbridgecap.com,Web Link,2025-12 source list,,,1.0,NSE consolidated list based on complaint received from clients,NSE,"Flagged by NSE source list; label is source-derived, not independently adjudicated fraud."
NSE,636,fake_link_app_website,https://www.upstox.cyou,Web Link,2025-12 source list,,,1.0,NSE consolidated list based on complaint received from clients,NSE,"Flagged by NSE source list; label is source-derived, not independently adjudicated fraud."
NSE,635,fake_link_app_website,https://www.upstox.cloud,Web Link,2025-12 source list,,,1.0,NSE consolidated list based on complaint received from clients,NSE,"Flagged by NSE source list; label is source-derived, not independently adjudicated fraud."
NSE,634,fake_link_app_website,https://chat.whatsapp.com/FIQ5LgH1bQr8Fz3a3ZzkGl,Whatsapp Chat Link,2025-12 source list,,,1.0,NSE consolidated list based on complaint received from clients,NSE,"Flagged by NSE source list; label is source-derived, not independently adjudicated fraud."
NSE,633,fake_link_app_website,https://www.facebook.com/share/1AUNE9biyzx/,Facebook Link,2025-12 source list,,,1.0,NSE consolidated list based on complaint received from clients,NSE,"Flagged by NSE source list; label is source-derived, not independently adjudicated fraud."
NSE,632,fake_link_app_website,https://trade.finbridgecap.org/en/login,Web Link,2025-12 source list,,,1.0,NSE consolidated list based on complaint received from clients,NSE,"Flagged by NSE source list; label is source-derived, not independently adjudicated fraud."
NSE,631,fake_link_app_website,https://youtu.be/KFxPT52EHHU,YouTube Link,2025-12 source list,,,1.0,NSE consolidated list based on complaint received from clients,NSE,"Flagged by NSE source list; label is source-derived, not independently adjudicated fraud."
NSE,630,fake_link_app_website,https://youtube.com/@tradex2822,YouTube Link,2025-12 source list,,,1.0,NSE consolidated list based on complaint received from clients,NSE,"Flagged by NSE source list; label is source-derived, not independently adjudicated fraud."
NSE,629,fake_link_app_website,https://youtu.be/FdAt5c01bJQ,YouTube Link,2025-12 source list,,,1.0,NSE consolidated list based on complaint received from clients,NSE,"Flagged by NSE source list; label is source-derived, not independently adjudicated fraud."
NSE,628,fake_link_app_website,https://youtu.be/mwjoIpggWNY,YouTube Link,2025-12 source list,,,1.0,NSE consolidated list based on complaint received from clients,NSE,"Flagged by NSE source list; label is source-derived, not independently adjudicated fraud."
NSE,627,fake_link_app_website,https://www.youtube.com/live/T3mkxRSfugI,YouTube Link,2025-12 source list,,,1.0,NSE consolidated list based on complaint received from clients,NSE,"Flagged by NSE source list; label is source-derived, not independently adjudicated fraud."
NSE,626,fake_link_app_website,https://t.me/livetradingwithrohit/1769,Telegram Link,2025-12 source list,,,1.0,NSE consolidated list based on complaint received from clients,NSE,"Flagged by NSE source list; label is source-derived, not independently adjudicated fraud."
NSE,625,fake_link_app_website,https://t.me/livetradingwithrohit,Telegram Link,2025-12 source list,,,1.0,NSE consolidated list based on complaint received from clients,NSE,"Flagged by NSE source list; label is source-derived, not independently adjudicated fraud."
NSE,624,fake_link_app_website,https://youtu.be/v453f6sB6Ec,YouTube Link,2025-12 source list,,,1.0,NSE consolidated list based on complaint received from clients,NSE,"Flagged by NSE source list; label is source-derived, not independently adjudicated fraud."
NSE,622,fake_link_app_website,https://www.youtube.com/live/zHMzAiRWM8Q,YouTube Link,2025-12 source list,,,1.0,NSE consolidated list based on complaint received from clients,NSE,"Flagged by NSE source list; label is source-derived, not independently adjudicated fraud."
NSE,621,fake_link_app_website,https://www.youtube.com/live/5E9B_mdBky0,YouTube Link,2025-12 source list,,,1.0,NSE consolidated list based on complaint received from clients,NSE,"Flagged by NSE source list; label is source-derived, not independently adjudicated fraud."
NSE,620,fake_link_app_website,https://youtube.com/shorts/CRKSbozYk7o,YouTube Link,2025-12 source list,,,1.0,NSE consolidated list based on complaint received from clients,NSE,"Flagged by NSE source list; label is source-derived, not independently adjudicated fraud."
NSE,619,fake_link_app_website,https://www.youtube.com/live/5E9B_mdBky0,YouTube Link,2025-12 source list,,,1.0,NSE consolidated list based on complaint received from clients,NSE,"Flagged by NSE source list; label is source-derived, not independently adjudicated fraud."
NSE,618,fake_link_app_website,https://www.youtube.com/live/S_lRKfbxTeg,YouTube Link,2025-12 source list,,,1.0,NSE consolidated list based on complaint received from clients,NSE,"Flagged by NSE source list; label is source-derived, not independently adjudicated fraud."
NSE,617,fake_link_app_website,Abans App,App Name,2025-12 source list,,,1.0,NSE consolidated list based on complaint received from clients,NSE,"Flagged by NSE source list; label is source-derived, not independently adjudicated fraud."
NSE,616,fake_link_app_website,AbAnsiTwirlCoolFan App,App Name,2025-12 source list,,,1.0,NSE consolidated list based on complaint received from clients,NSE,"Flagged by NSE source list; label is source-derived, not independently adjudicated fraud."
NSE,615,fake_link_app_website,ABANS PRO APP,App Name,2025-12 source list,,,1.0,NSE consolidated list based on complaint received from clients,NSE,"Flagged by NSE source list; label is source-derived, not independently adjudicated fraud."
NSE,614,fake_link_app_website,CREATION IFL,App Name,2025-12 source list,,,1.0,NSE consolidated list based on complaint received from clients,NSE,"Flagged by NSE source list; label is source-derived, not independently adjudicated fraud."
NSE,613,fake_link_app_website,https://m.creationinvestments.cc/register,Web Link,2025-12 source list,,,1.0,NSE consolidated list based on complaint received from clients,NSE,"Flagged by NSE source list; label is source-derived, not independently adjudicated fraud."
NSE,612,fake_link_app_website,https://googleplay-ares.com/,Web Link,2025-12 source list,,,1.0,NSE consolidated list based on complaint received from clients,NSE,"Flagged by NSE source list; label is source-derived, not independently adjudicated fraud."
NSE,611,fake_link_app_website,https://pwma-syse.xin,Web Link,2025-12 source list,,,1.0,NSE consolidated list based on complaint received from clients,NSE,"Flagged by NSE source list; label is source-derived, not independently adjudicated fraud."
NSE,610,fake_link_app_website,https://www.instagram.com/reel/DEMU-ZPvSh5/,Instagram Link,2025-12 source list,,,1.0,NSE consolidated list based on complaint received from clients,NSE,"Flagged by NSE source list; label is source-derived, not independently adjudicated fraud."
NSE,609,fake_link_app_website,https://www.instagram.com/reel/DDgKAhVvRpx/,Instagram Link,2025-12 source list,,,1.0,NSE consolidated list based on complaint received from clients,NSE,"Flagged by NSE source list; label is source-derived, not independently adjudicated fraud."
NSE,608,fake_link_app_website,https://www.instagram.com/reel/DEBo4PnNejb/,Instagram Link,2025-12 source list,,,1.0,NSE consolidated list based on complaint received from clients,NSE,"Flagged by NSE source list; label is source-derived, not independently adjudicated fraud."
NSE,607,fake_link_app_website,https://www.instagram.com/reel/DEJdJFuPJ7Q/,Instagram Link,2025-12 source list,,,1.0,NSE consolidated list based on complaint received from clients,NSE,"Flagged by NSE source list; label is source-derived, not independently adjudicated fraud."
NSE,606,fake_link_app_website,https://www.instagram.com/reel/DE6uiOyPzH5/,Instagram Link,2025-12 source list,,,1.0,NSE consolidated list based on complaint received from clients,NSE,"Flagged by NSE source list; label is source-derived, not independently adjudicated fraud."
NSE,605,fake_link_app_website,https://www.instagram.com/reel/DFJyMKav9i5/,Instagram Link,2025-12 source list,,,1.0,NSE consolidated list based on complaint received from clients,NSE,"Flagged by NSE source list; label is source-derived, not independently adjudicated fraud."
NSE,604,fake_link_app_website,https://www.instagram.com/reel/DFRYwystfij/,Instagram Link,2025-12 source list,,,1.0,NSE consolidated list based on complaint received from clients,NSE,"Flagged by NSE source list; label is source-derived, not independently adjudicated fraud."
NSE,603,fake_link_app_website,https://www.instagram.com/reel/DFrpRTzPvye/,Instagram Link,2025-12 source list,,,1.0,NSE consolidated list based on complaint received from clients,NSE,"Flagged by NSE source list; label is source-derived, not independently adjudicated fraud."
NSE,602,fake_link_app_website,https://www.instagram.com/reel/DGhnbIhNuqX/,Instagram Link,2025-12 source list,,,1.0,NSE consolidated list based on complaint received from clients,NSE,"Flagged by NSE source list; label is source-derived, not independently adjudicated fraud."
NSE,601,fake_link_app_website,https://spfinserv.in/stockmarketclasses/,Web Link,2025-12 source list,,,1.0,NSE consolidated list based on complaint received from clients,NSE,"Flagged by NSE source list; label is source-derived, not independently adjudicated fraud."
NSE,600,fake_link_app_website,SMC Finance VIP APP,Application,2025-12 source list,,,1.0,NSE consolidated list based on complaint received from clients,NSE,"Flagged by NSE source list; label is source-derived, not independently adjudicated fraud."
NSE,599,fake_link_app_website,Aarayaa Fin,App Name,2025-12 source list,,,1.0,NSE consolidated list based on complaint received from clients,NSE,"Flagged by NSE source list; label is source-derived, not independently adjudicated fraud."
NSE,598,fake_link_app_website,www.acml.cc,Web Link,2025-12 source list,,,1.0,NSE consolidated list based on complaint received from clients,NSE,"Flagged by NSE source list; label is source-derived, not independently adjudicated fraud."
NSE,597,fake_link_app_website,BOB Global,Application,2025-12 source list,,,1.0,NSE consolidated list based on complaint received from clients,NSE,"Flagged by NSE source list; label is source-derived, not independently adjudicated fraud."
NSE,596,fake_link_app_website,TradeGenius,App Name,2025-12 source list,,,1.0,NSE consolidated list based on complaint received from clients,NSE,"Flagged by NSE source list; label is source-derived, not independently adjudicated fraud."
NSE,595,fake_link_app_website,Avendus Pro (AAFM PLUS),App Name,2025-12 source list,,,1.0,NSE consolidated list based on complaint received from clients,NSE,"Flagged by NSE source list; label is source-derived, not independently adjudicated fraud."
NSE,594,fake_link_app_website,www.storak.in,Web Link,2025-12 source list,,,1.0,NSE consolidated list based on complaint received from clients,NSE,"Flagged by NSE source list; label is source-derived, not independently adjudicated fraud."
NSE,593,fake_link_app_website,smcinvestment.com,Web Link,2025-12 source list,,,1.0,NSE consolidated list based on complaint received from clients,NSE,"Flagged by NSE source list; label is source-derived, not independently adjudicated fraud."
NSE,592,fake_link_app_website,https://www.most-8.com,Web Link,2025-12 source list,,,1.0,NSE consolidated list based on complaint received from clients,NSE,"Flagged by NSE source list; label is source-derived, not independently adjudicated fraud."
NSE,591,fake_link_app_website,https://www.trowepricevip.com,Web Link,2025-12 source list,,,1.0,NSE consolidated list based on complaint received from clients,NSE,"Flagged by NSE source list; label is source-derived, not independently adjudicated fraud."
NSE,590,fake_link_app_website,https://m.jeffin.site/#/home,Web Link,2025-12 source list,,,1.0,NSE consolidated list based on complaint received from clients,NSE,"Flagged by NSE source list; label is source-derived, not independently adjudicated fraud."
NSE,589,fake_link_app_website,STORAK,Application,2025-12 source list,,,1.0,NSE consolidated list based on complaint received from clients,NSE,"Flagged by NSE source list; label is source-derived, not independently adjudicated fraud."
NSE,588,fake_link_app_website,Storak.in,Web Link,2025-12 source list,,,1.0,NSE consolidated list based on complaint received from clients,NSE,"Flagged by NSE source list; label is source-derived, not independently adjudicated fraud."
NSE,587,fake_link_app_website,www.skyrimc.com/index.html,Web Link,2025-12 source list,,,1.0,NSE consolidated list based on complaint received from clients,NSE,"Flagged by NSE source list; label is source-derived, not independently adjudicated fraud."
NSE,586,fake_link_app_website,www.skyrimc.com,Web Link,2025-12 source list,,,1.0,NSE consolidated list based on complaint received from clients,NSE,"Flagged by NSE source list; label is source-derived, not independently adjudicated fraud."
NSE,585,fake_link_app_website,https://app.isec.ltd/,App Link,2025-12 source list,,,1.0,NSE consolidated list based on complaint received from clients,NSE,"Flagged by NSE source list; label is source-derived, not independently adjudicated fraud."
NSE,584,fake_link_app_website,https://m.pimcogroup.net/#/,Web Link,2025-12 source list,,,1.0,NSE consolidated list based on complaint received from clients,NSE,"Flagged by NSE source list; label is source-derived, not independently adjudicated fraud."
NSE,583,fake_link_app_website,kuroto-capital.com,Web Link,2025-12 source list,,,1.0,NSE consolidated list based on complaint received from clients,NSE,"Flagged by NSE source list; label is source-derived, not independently adjudicated fraud."
NSE,582,fake_link_app_website,jeff-in,App name,2025-12 source list,,,1.0,NSE consolidated list based on complaint received from clients,NSE,"Flagged by NSE source list; label is source-derived, not independently adjudicated fraud."
NSE,581,fake_link_app_website,http://www.smartvisionwealth.com/,Web Link,2025-12 source list,,,1.0,NSE consolidated list based on complaint received from clients,NSE,"Flagged by NSE source list; label is source-derived, not independently adjudicated fraud."
NSE,580,fake_link_app_website,https://t.me/+drIyBARe0jEzNzdl,Telegram Link,2025-12 source list,,,1.0,NSE consolidated list based on complaint received from clients,NSE,"Flagged by NSE source list; label is source-derived, not independently adjudicated fraud."
NSE,579,fake_link_app_website,WAY 2 LAABH.com,Web Link,2025-12 source list,,,1.0,NSE consolidated list based on complaint received from clients,NSE,"Flagged by NSE source list; label is source-derived, not independently adjudicated fraud."
NSE,578,fake_link_app_website,https://t.me/Way2laabh7,Telegram Link,2025-12 source list,,,1.0,NSE consolidated list based on complaint received from clients,NSE,"Flagged by NSE source list; label is source-derived, not independently adjudicated fraud."
NSE,577,fake_link_app_website,Trading Ways Pankaj Bhardwaj,Telegram Channel,2025-12 source list,,,1.0,NSE consolidated list based on complaint received from clients,NSE,"Flagged by NSE source list; label is source-derived, not independently adjudicated fraud."
NSE,576,fake_link_app_website,https://skiworld.in/trade/,Web Link,2025-12 source list,,,1.0,NSE consolidated list based on complaint received from clients,NSE,"Flagged by NSE source list; label is source-derived, not independently adjudicated fraud."
NSE,575,fake_link_app_website,http://www.sharesmarket18.com,Web Link,2025-12 source list,,,1.0,NSE consolidated list based on complaint received from clients,NSE,"Flagged by NSE source list; label is source-derived, not independently adjudicated fraud."
NSE,574,fake_link_app_website,https://t.me/Harsh_Bhagat4,Telegram Link,2025-12 source list,,,1.0,NSE consolidated list based on complaint received from clients,NSE,"Flagged by NSE source list; label is source-derived, not independently adjudicated fraud."
NSE,573,fake_link_app_website,HARSH BHAGAT,Telegram Channel,2025-12 source list,,,1.0,NSE consolidated list based on complaint received from clients,NSE,"Flagged by NSE source list; label is source-derived, not independently adjudicated fraud."
NSE,572,fake_link_app_website,https://bit.ly/3MGGNkV,Web Link,2025-12 source list,,,1.0,NSE consolidated list based on complaint received from clients,NSE,"Flagged by NSE source list; label is source-derived, not independently adjudicated fraud."
NSE,571,fake_link_app_website,https://www.facebook.com/groups/1485929981709062/posts/3225881811047195/,Facebook Link,2025-12 source list,,,1.0,NSE consolidated list based on complaint received from clients,NSE,"Flagged by NSE source list; label is source-derived, not independently adjudicated fraud."
NSE,570,fake_link_app_website,https://m.facebook.com/groups/2907533849501722/posts/3904297879825309/,Facebook Link,2025-12 source list,,,1.0,NSE consolidated list based on complaint received from clients,NSE,"Flagged by NSE source list; label is source-derived, not independently adjudicated fraud."
NSE,569,fake_link_app_website,Master Stroke Official,Telegram Channel,2025-12 source list,,,1.0,NSE consolidated list based on complaint received from clients,NSE,"Flagged by NSE source list; label is source-derived, not independently adjudicated fraud."
NSE,568,fake_link_app_website,https://hybridsolutions.com/downloads/bluemartinlimited11.2.8.exe,Web Link,2025-12 source list,,,1.0,NSE consolidated list based on complaint received from clients,NSE,"Flagged by NSE source list; label is source-derived, not independently adjudicated fraud."
NSE,567,fake_link_app_website,https://apps.apple.com/us/app/vertexfx-trader/id1469388395,App Link,2025-12 source list,,,1.0,NSE consolidated list based on complaint received from clients,NSE,"Flagged by NSE source list; label is source-derived, not independently adjudicated fraud."
NSE,566,fake_link_app_website,https://hybridsolutions.com/downloads/VertexFXTraderLite_1.7.apk,Apk Link,2025-12 source list,,,1.0,NSE consolidated list based on complaint received from clients,NSE,"Flagged by NSE source list; label is source-derived, not independently adjudicated fraud."
NSE,565,fake_link_app_website,https://bluerock.live/BlueRock_1.1.apk,Apk Link,2025-12 source list,,,1.0,NSE consolidated list based on complaint received from clients,NSE,"Flagged by NSE source list; label is source-derived, not independently adjudicated fraud."
NSE,564,fake_link_app_website,http://app.bluerock.live,App Link,2025-12 source list,,,1.0,NSE consolidated list based on complaint received from clients,NSE,"Flagged by NSE source list; label is source-derived, not independently adjudicated fraud."
NSE,563,fake_link_app_website,https://bluerock.live,Web Link,2025-12 source list,,,1.0,NSE consolidated list based on complaint received from clients,NSE,"Flagged by NSE source list; label is source-derived, not independently adjudicated fraud."
NSE,562,fake_link_app_website,Grow,App Name,2025-12 source list,,,1.0,NSE consolidated list based on complaint received from clients,NSE,"Flagged by NSE source list; label is source-derived, not independently adjudicated fraud."
NSE,561,fake_link_app_website,https://chat.whatsapp.com/GbcG9CtBJgn700D220SwDT,Whatsapp Link,2025-12 source list,,,1.0,NSE consolidated list based on complaint received from clients,NSE,"Flagged by NSE source list; label is source-derived, not independently adjudicated fraud."
NSE,560,fake_link_app_website,https://ryochain.net/#/pages/reg/index?invite_code=55574387,Web Link,2025-12 source list,,,1.0,NSE consolidated list based on complaint received from clients,NSE,"Flagged by NSE source list; label is source-derived, not independently adjudicated fraud."
NSE,559,fake_link_app_website,https://www.nirmalinttgb.com/h5/#/start,Web Link,2025-12 source list,,,1.0,NSE consolidated list based on complaint received from clients,NSE,"Flagged by NSE source list; label is source-derived, not independently adjudicated fraud."
NSE,558,fake_link_app_website,Asampro,App Name,2025-12 source list,,,1.0,NSE consolidated list based on complaint received from clients,NSE,"Flagged by NSE source list; label is source-derived, not independently adjudicated fraud."
NSE,557,fake_link_app_website,S&W AUBREY,App Name,2025-12 source list,,,1.0,NSE consolidated list based on complaint received from clients,NSE,"Flagged by NSE source list; label is source-derived, not independently adjudicated fraud."
NSE,556,fake_link_app_website,https://h5.aubrey66.com/,Web Link,2025-12 source list,,,1.0,NSE consolidated list based on complaint received from clients,NSE,"Flagged by NSE source list; label is source-derived, not independently adjudicated fraud."
NSE,555,fake_link_app_website,https://play.google.com/store/apps/details?id=com.bdallexam.sscresult,App Link,2025-12 source list,,,1.0,NSE consolidated list based on complaint received from clients,NSE,"Flagged by NSE source list; label is source-derived, not independently adjudicated fraud."
NSE,554,fake_link_app_website,download.satcomartin.vip,App Link,2025-12 source list,,,1.0,NSE consolidated list based on complaint received from clients,NSE,"Flagged by NSE source list; label is source-derived, not independently adjudicated fraud."
NSE,553,fake_link_app_website,satcomartin.vip,App Link,2025-12 source list,,,1.0,NSE consolidated list based on complaint received from clients,NSE,"Flagged by NSE source list; label is source-derived, not independently adjudicated fraud."
NSE,552,fake_link_app_website,https://www.satcomartin.com/,Web Link,2025-12 source list,,,1.0,NSE consolidated list based on complaint received from clients,NSE,"Flagged by NSE source list; label is source-derived, not independently adjudicated fraud."
NSE,551,fake_link_app_website,AWRIGAFIN,App Name,2025-12 source list,,,1.0,NSE consolidated list based on complaint received from clients,NSE,"Flagged by NSE source list; label is source-derived, not independently adjudicated fraud."
NSE,550,fake_link_app_website,https://trade.finbridgecap.com/alogin/,Web Link,2025-12 source list,,,1.0,NSE consolidated list based on complaint received from clients,NSE,"Flagged by NSE source list; label is source-derived, not independently adjudicated fraud."
NSE,549,fake_link_app_website,AuroraMax,App Name,2025-12 source list,,,1.0,NSE consolidated list based on complaint received from clients,NSE,"Flagged by NSE source list; label is source-derived, not independently adjudicated fraud."
NSE,548,fake_link_app_website,Techstars Pro,App Name,2025-12 source list,,,1.0,NSE consolidated list based on complaint received from clients,NSE,"Flagged by NSE source list; label is source-derived, not independently adjudicated fraud."
NSE,547,fake_link_app_website,MetaTrader,App Name,2025-12 source list,,,1.0,NSE consolidated list based on complaint received from clients,NSE,"Flagged by NSE source list; label is source-derived, not independently adjudicated fraud."
NSE,546,fake_link_app_website,https://bullbear.live,Web Link,2025-12 source list,,,1.0,NSE consolidated list based on complaint received from clients,NSE,"Flagged by NSE source list; label is source-derived, not independently adjudicated fraud."
NSE,545,fake_link_app_website,http://admin.theindicator.in/user/index,Web Link,2025-12 source list,,,1.0,NSE consolidated list based on complaint received from clients,NSE,"Flagged by NSE source list; label is source-derived, not independently adjudicated fraud."
RBI,RBI-AR-2025-26-1,annual_report_aggregate,Digital payments (card/internet),fraud_category,2024-25,,Fraud category predominant by number,,Aggregate regulatory statistic; not a row-level fraud classification,RBI Annual Report,"Use as contextual/feature-source data, not as individual transaction samples."
RBI,RBI-AR-2025-26-2,annual_report_aggregate,Loans/advances,fraud_category,2024-25,,Fraud category predominant by value,,Aggregate regulatory statistic; not a row-level fraud classification,RBI Annual Report,"Use as contextual/feature-source data, not as individual transaction samples."
RBI,RBI-AR-2025-26-3,annual_report_aggregate,Total banking frauds,fraud_category,2024-25,18674.0,"Amount involved increased; RBI notes reclassification of 122 cases amounting to ₹18,674 crore",,Aggregate regulatory statistic; not a row-level fraud classification,RBI Annual Report,"Use as contextual/feature-source data, not as individual transaction samples."
SEBI,SEBI-INVESTOR-SURVEY-2025-1,survey_aggregate,Overall securities market products,investor_survey_metric,Investor Survey 2025,,"Male households 11%, Female households 7%, Gen Z 9%, Millennials 11%, Gen X 8%, Silver Gen 6%",,Survey aggregate; not a fraud/non-fraud label,SEBI Investor Survey 2025,"Use for investor-profile/context features, not as fraud outcome."
SEBI,SEBI-INVESTOR-SURVEY-2025-2,survey_aggregate,Mutual Funds/Exchange Traded Funds,investor_survey_metric,Investor Survey 2025,,"Male 8%, Female 5%, Gen Z 6%, Millennials 8%, Gen X 6%, Silver Gen 4%",,Survey aggregate; not a fraud/non-fraud label,SEBI Investor Survey 2025,"Use for investor-profile/context features, not as fraud outcome."
SEBI,SEBI-INVESTOR-SURVEY-2025-3,survey_aggregate,Stocks/Shares,investor_survey_metric,Investor Survey 2025,,"Male 6%, Female 3%, Gen Z 5%, Millennials 6%, Gen X 4%, Silver Gen 3%",,Survey aggregate; not a fraud/non-fraud label,SEBI Investor Survey 2025,"Use for investor-profile/context features, not as fraud outcome."
SEBI,SEBI-INVESTOR-SURVEY-2025-4,survey_aggregate,Silver Generation risk preference,investor_survey_metric,Investor Survey 2025,,85% prioritize capital safety,,Survey aggregate; not a fraud/non-fraud label,SEBI Investor Survey 2025,"Use for investor-profile/context features, not as fraud outcome."
SEBI,SEBI-INVESTOR-SURVEY-2025-5,survey_aggregate,Gender risk preference,investor_survey_metric,Investor Survey 2025,,82% women prefer low-risk investments vs 78% men,,Survey aggregate; not a fraud/non-fraud label,SEBI Investor Survey 2025,"Use for investor-profile/context features, not as fraud outcome."
